date,sales,temperature,region,product,marketing_spend,customer_satisfaction
2023-01-01,102.48357076505616,27.093211384448363,South,B,158.90420412443288,9.400531138448766
2023-01-02,103.63036056553436,34.597916686046005,West,B,419.5312944675591,8.18009866140622
2023-01-03,108.9380297650546,25.44306173503347,North,A,1999.9571820367423,6.73298241114289
2023-01-04,111.02173476707087,20.623823566448294,East,B,168.33026635169875,8.421689420280584
2023-01-05,98.30889520315804,26.200466999516053,South,B,86.36086383903962,6.618734840656403
2023-01-06,96.0152634929963,18.609705746975855,North,A,662.6916835373415,7.07964404413219
2023-01-07,106.45849315016999,24.431002015838246,North,A,360.1373759277892,9.242190929886648
2023-01-08,106.71914900420609,31.074407827624142,South,A,828.7569932812718,8.449493104205215
2023-01-09,104.85343876927685,27.34725498646132,East,A,1628.6456581731286,8.29105578200173
2023-01-10,111.2879590862571,27.080290914120702,West,C,147.51266313471896,9.190123302235861
2023-01-11,103.9608029305788,32.17411172624807,North,A,869.1664415363629,8.772086091203477
2023-01-12,100.01734554633114,26.069194501127868,West,B,704.225843728193,8.86166336954689
2023-01-13,101.25641188453015,30.83512237849728,East,A,155.57694681135752,6.711629018475575
2023-01-14,91.8502954744046,27.60564250106384,East,A,978.1621077519032,5.080389702445368
2023-01-15,97.10456645090541,28.525268142317845,West,C,319.71009457124444,7.051854635699152
2023-01-16,107.2287652888767,23.89990956364469,East,B,669.1071096949889,6.9568682323149424
2023-01-17,106.34190913961862,26.271627000226708,North,A,85.85458191010801,8.571768951634
2023-01-18,110.67085173439834,23.690351708563558,West,A,615.4161715059915,4.507303880741761
2023-01-19,100.61772230131818,27.761457096415597,East,A,365.9513629547137,6.521795466000922
2023-01-20,95.78636487913354,29.38178357360151,West,A,1728.115661144482,8.309273045908196
2023-01-21,111.53497082868994,25.042896376087484,North,B,58.66643774561698,7.553488397204983
2023-01-22,107.37836808743265,34.681983480795346,East,A,542.3288036950722,8.570541436298797
2023-01-23,113.14332141979591,29.529154891749716,North,A,613.2855799895035,9.912983643338162
2023-01-24,107.03450828468176,29.027520351298914,East,A,1291.0062771928367,7.876378909849664
2023-01-25,109.11592039835024,31.321263108511882,South,C,853.9912195648272,9.004575130801786
2023-01-26,108.4360406466594,26.68247457068952,East,C,1100.250641618203,8.408417755431671
2023-01-27,99.80120251246717,29.815426458842147,West,A,1500.8045438400286,8.549058752564981
2023-01-28,108.7775465360392,27.32885073300614,East,B,1981.973500157835,6.830180850427919
2023-01-29,108.1797732209339,34.30861895594187,North,A,376.6961760656641,6.848334659273062
2023-01-30,114.0056664383308,26.60842015435577,North,A,772.2395349174068,8.23370914150454
2023-01-31,113.79026385385481,30.124177794693896,East,B,1833.2571822396362,7.592305202858462
2023-02-01,123.7212260481156,31.071511734830448,West,C,4551.736625285726,4.9125406889683765
2023-02-02,110.416762069623,31.415420266714435,South,C,2202.914533873781,7.678684176217416
2023-02-03,102.8506273017264,28.633068248157645,West,B,464.36716420077875,8.098599596861222
2023-02-04,113.5743611263819,27.834485221023915,South,A,217.119876648513,7.366402369280866
2023-02-05,137.0080692109725,28.96323381167623,North,B,672.1541589399757,6.935807771834867
2023-02-06,119.02832736820342,32.38952558072183,West,A,1353.40693726407,9.582846064629171
2023-02-07,109.49805864855237,30.512224253113942,South,B,678.3946773351387,6.377279209619306
2023-02-08,110.29365817499387,33.46984142429298,East,A,660.0622980074907,8.48083764193461
2023-02-09,113.91985816580113,32.647880060850696,North,B,1821.582308609865,8.677495215234565
2023-02-10,114.25878563620006,24.519945040568615,East,A,448.4829164564948,5.754954309297277
2023-02-11,112.72113936720615,32.22511148826875,North,A,1964.6473223044422,5.7526735754873375
2023-02-12,115.52374041613868,38.363999053105196,West,C,522.2317620615014,5.733449037920138
2023-02-13,118.8302336469381,35.71650176966116,West,A,397.8438820868781,3.3124575984949454
2023-02-14,114.22924784611209,33.13279928557246,North,B,605.1178257517129,5.443732269369109
2023-02-15,115.63397544574728,28.81261661424573,North,A,1437.3643485470059,7.005068004094315
2023-02-16,112.90358742059644,33.54541866811509,North,A,134.67722353981307,9.103880739808103
2023-02-17,178.94609992815919,34.45186707407216,West,A,218.67755856222416,7.593270807780085
2023-02-18,115.79727875103771,31.589096698846664,South,A,3025.0545124385476,7.1935492313211755
2023-02-19,109.47272589739623,33.41610732173744,East,C,192.9679822509712,8.011195640620413
2023-02-20,124.11266734350764,37.10820365016159,East,A,838.6986813733885,8.982223657567063
2023-02-21,121.82299602893741,30.118485333364006,West,C,865.869676098229,7.475112463085553
2023-02-22,117.94470297800876,29.624226409289797,East,B,672.608475314532,4.493689182667603
2023-02-23,120.3303676731489,34.98373194709812,North,A,1034.9201372226416,6.404560621479805
2023-02-24,119.99859480812275,34.38243121837714,South,B,261.1397580185179,8.632856791215795
2023-02-25,120.73757131248333,36.198117307024056,East,B,804.4414165829487,6.998415017539411
2023-02-26,116.06153117850076,34.920382613840204,South,B,465.49103472808173,8.020486658690283
2023-02-27,122.88314545836765,31.60470497859866,North,A,1083.7254287744831,9.549281606707765
2023-02-28,127.30852084980991,34.69905865047468,East,A,152.24662762104572,6.615591315294341
2023-03-01,128.07724981124016,30.06812516492628,West,C,846.0126592375628,8.818104157679748
2023-03-02,116.71232962211951,32.83305909771993,South,C,204.89894517069905,8.200372900888661
2023-03-03,115.71711879317678,35.1793832157113,North,C,326.62120610514125,7.5619947249773585
2023-03-04,68.4554437722115,32.673847278414634,South,A,246.80862366950558,8.339628249717562
2023-03-05,116.00844231998727,41.24136002030946,East,B,201.91764797961739,8.434979824574976
2023-03-06,130.18815206408448,28.239849201497872,East,A,1747.040160103516,7.953024593623235
2023-03-07,134.0938183293443,32.35049084453382,West,A,336.46283139068873,8.009567315535843
2023-03-08,124.46363747484757,31.253521219368253,North,A,2618.9929190405373,7.418161871443596
2023-03-09,61.004020541705785,32.037030074092755,North,B,3504.111736452182,8.32352274168027
2023-03-10,120.00425114710924,32.277593497659794,West,A,846.9057004785137,7.679036133884437
2023-03-11,116.13602213625357,30.29311340160256,West,A,154.3186703802286,5.207725520296323
2023-03-12,125.27233639784569,36.59352535689709,North,C,469.2810797548315,9.253156798914592
2023-03-13,135.25375366236136,32.75441396736932,South,A,1598.1630302172873,5.9724383563196115
2023-03-14,128.53341715293706,34.94392047589728,South,A,457.90231234866843,9.39619657217574
2023-03-15,134.00844442390954,33.2034264388951,West,A,91.03825760420156,7.877230810267177
2023-03-16,108.91993581152995,32.487152201582134,South,C,813.7000983889578,8.409015871764167
2023-03-17,123.58956777348682,39.62569196383552,North,B,1865.1101532481332,9.044408542728789
2023-03-18,121.04170069719223,37.42386820477159,East,A,1589.27450289189,9.378993066069997
2023-03-19,123.17579978975628,29.093830769807504,East,C,192.521164552017,9.471032124845014
2023-03-20,129.18827176674216,28.816510014142263,South,C,1117.0755334398084,8.37275255421979
2023-03-21,119.90081558164752,37.904357351726105,West,A,249.10805994845782,7.450726214289051
2023-03-22,126.173003906629,33.251686123070854,West,B,246.16596311174433,6.84733621729878
2023-03-23,124.85020625743108,29.895811443187664,West,B,2072.0431637373576,8.887007566938575
2023-03-24,127.87518476478301,38.00916327053111,West,B,287.24077349213206,8.658502042165061
2023-03-25,118.98029506248237,35.40530817996799,West,A,305.5030557664905,7.913590398160485
2023-03-26,121.55292709890368,35.675698482414646,South,C,0.6536043140703691,8.625296306781278
2023-03-27,127.1044872966815,37.369716463040135,East,B,2045.3805332887223,7.881456369314293
2023-03-28,135.2586017785248,31.028338860253413,East,A,1573.0809748645834,8.290849466088586
2023-03-29,129.7170687750222,30.077992746620957,South,A,987.0591119225869,8.432012938135841
2023-03-30,121.1767156751939,39.72663194938103,West,A,1387.3579823197974,7.121901205173547
2023-03-31,123.77176513697607,30.680588278452877,South,A,164.93191773662983,7.741300056619606
2023-04-01,122.73551636989534,31.33073784569904,East,B,613.0864938250955,9.391549518134289
2023-04-02,131.07581267800754,31.93254936786989,North,A,432.6606584843427,7.35677843153541
2023-04-03,126.6988631218912,41.239138429033616,South,A,98.46934359420757,8.481943030769974
2023-04-04,129.59776555257685,36.47593675671352,West,B,665.7859080413011,5.9644438188275934
2023-04-05,126.62586437200773,37.88553906215471,East,A,2535.017279705927,9.068759618146577
2023-04-06,116.97963072513207,35.568390059892174,East,C,40.88357876099898,8.867469413634353
2023-04-07,123.11631728659505,33.16184486461023,East,A,344.55005340385895,8.88163149046974
2023-04-08,123.9443066204722,36.8460498775178,East,A,232.61442908307976,9.473758301112538
2023-04-09,126.60569714685346,30.264052635868524,West,A,272.00120069694395,7.359504189151824
2023-04-10,129.34241459884717,31.62683511149777,North,A,2390.7012823846585,8.386751726653474
2023-04-11,124.42417504756199,37.087462601990325,East,A,631.2415992576712,8.012149371147807
2023-04-12,126.70692526777097,30.789696790935608,South,B,627.9202956612405,5.416132504381529
2023-04-13,122.76624956608438,34.26422532973588,North,C,1429.5177469038651,8.685273446642825
2023-04-14,117.76590401544807,34.36803066789243,East,A,167.81789011229847,5.393495312011856
2023-04-15,121.93323392230135,33.17678010085783,North,B,667.9968270904791,8.127940693262133
2023-04-16,128.66018622843046,28.8707201366734,South,B,562.0929783514891,8.62825677031613
2023-04-17,139.96537589332897,32.79572082760064,East,C,908.5971300409066,6.586390365745189
2023-04-18,132.35244421109059,32.163169100569846,South,A,7723.52952206246,9.362668792519457
2023-04-19,130.0360087238565,35.07510849020423,West,A,1467.2827234727733,9.085954125676581
2023-04-20,124.00543615139573,34.87213711667679,East,A,507.27477386434595,7.406411764151772
2023-04-21,112.0411886667371,35.62160324421009,East,B,1757.6656392285076,5.902524384340115
2023-04-22,122.4249422555729,32.40400584064267,East,C,187.18339236116805,8.84359854685033
2023-04-23,126.71922269570499,35.94175323604144,East,A,30.937348898737213,9.142473538071414
2023-04-24,142.5892947304077,29.644080165800897,West,A,228.71953383094623,8.070650570940563
2023-04-25,130.21710540165589,28.782311545328028,East,C,416.1392083323083,7.815247337415134
2023-04-26,129.9162967017117,27.174496310344484,North,C,714.5358101105604,8.195942521189277
2023-04-27,123.82560064199134,32.61379463461064,East,C,954.8474309407134,6.419339047070981
2023-04-28,115.37459273957823,31.779567256208338,West,B,2414.698549791932,8.901122896528815
2023-04-29,127.816273606868,36.33250941846937,East,A,713.0519925597378,6.314305643947046
2023-04-30,129.68437105152648,31.941022717146303,North,B,695.7017298959527,7.334820199108051
2023-05-01,133.69715235835005,34.626957608134276,West,B,51.549126923568636,6.51514066159971
2023-05-02,126.06345465591136,36.16393029779885,West,A,35.53552656471498,8.945788952420708
2023-05-03,134.81689660950465,31.57971376089,North,B,801.0887173364689,7.942938884347795
2023-05-04,116.3474736964913,34.44490171621846,North,B,576.5712967708981,7.804002072045525
2023-05-05,123.47337435485842,36.46607152778292,North,A,1827.4720079048132,6.457434120765506
2023-05-06,132.339422833016,29.65284081592822,North,B,175.1627440045595,8.35440828863356
2023-05-07,120.22124210557288,33.346450387196434,North,B,25.28874391132039,7.677049593471691
2023-05-08,126.12431853781096,31.127906668651246,West,C,596.0908315243777,9.521496970622191
2023-05-09,90.24331941349624,29.550237795544078,West,A,271.12464860387325,7.056764639651444
2023-05-10,124.4296887191069,28.36166070640126,East,A,50.88745395069878,7.908330240679881
2023-05-11,114.71330505985472,29.29401994432992,East,B,1289.5244721100855,6.4609172233126895
2023-05-12,119.9579535089867,32.93867474532586,South,A,118.3253076111503,9.227485450664574
2023-05-13,115.11824771812273,27.816380537655988,East,B,937.3088225665996,8.784971772466001
2023-05-14,126.55150448213008,30.884795571663226,East,B,329.96311721124897,9.434996842276947
2023-05-15,123.33573657469157,34.86239229142851,North,A,190.55058297267246,9.185571427006016
2023-05-16,136.48377686683241,33.65347785944172,North,B,477.63511174466777,8.06362030078268
2023-05-17,121.94405827282571,30.59639590406976,East,B,1616.6930485158284,9.160513350667257
2023-05-18,119.73836647877177,37.13633679585233,South,A,497.73431824375535,7.380237466421039
2023-05-19,122.5340433626373,37.623630262823745,North,C,1389.3777065919564,5.5284219874684375
2023-05-20,113.09651193250477,31.898088785523804,East,C,134.08731489113322,9.23334316376995
2023-05-21,124.11214855973617,24.287275147759644,East,B,1481.7988063188636,8.103321738923466
2023-05-22,133.23061695428635,34.223450353028156,West,B,270.4098660721168,8.4140814458837
2023-05-23,119.4299811934531,24.551436183944162,South,A,1131.3208174510562,7.242662981007058
2023-05-24,125.4885503558819,35.72915924200389,West,C,834.2075416502618,9.072551150379581
2023-05-25,121.32543323619726,34.41696683318328,South,B,2647.1157526284796,8.50008926925497
2023-05-26,121.02573898868195,36.352516183108776,North,B,489.91661196656366,8.899322095928472
2023-05-27,111.6896107779153,31.67255754742614,South,C,68.45571810228017,7.632016736270018
2023-05-28,114.97000929950312,29.66774230557426,East,A,19.341328972891514,6.586452101556012
2023-05-29,127.87652406636184,29.260032861213006,East,C,1753.6464518784253,5.251436059486373
2023-05-30,127.49926783650173,28.82833221559325,South,A,743.8840774735606,6.7461768213793105
2023-05-31,124.34039832700577,33.265477349498504,South,A,1492.740140285175,8.91326783633225
2023-06-01,120.25699831038553,32.312669571049526,South,A,267.128877244031,9.890048092095226
2023-06-02,112.1920101308941,30.38858409809568,West,C,423.2479072665227,6.32192367703596
2023-06-03,117.4885060371056,27.711927530642203,South,C,30.56629797262721,9.470863343755868
2023-06-04,121.46849175769846,37.615229986763595,North,B,3256.897695846931,9.09713367756334
2023-06-05,120.10446619985771,32.31243760263112,West,B,1102.2225178123867,5.401824665925107
2023-06-06,133.73180666282366,24.628545760350494,West,B,2706.1283654016365,9.112330360993596
2023-06-07,123.82548962147953,27.717972784087866,South,C,308.56039220123193,8.795342393697444
2023-06-08,110.9170567203588,31.905865839096467,North,A,945.3684487618946,8.4221141907803
2023-06-09,117.20477521646244,26.5545011239511,West,A,1134.7576366812573,7.783393399787121
2023-06-10,109.76539522060317,29.84917231372311,East,A,382.0655754648315,6.6670601795102025
2023-06-11,122.2324525286443,31.48720502583751,West,B,1884.5936679081951,9.766529832051916
2023-06-12,127.74608214202156,18.308743963873596,South,B,2940.5144851815085,8.578055886732232
2023-06-13,118.56003608682815,27.988099178649115,North,A,2161.5640974373923,6.676932642058695
2023-06-14,124.51800846871723,27.943043667984885,South,A,1343.4915173846714,8.80069545484197
2023-06-15,117.16723214938284,26.749470806585833,East,C,324.9889739966056,6.946140207223021
2023-06-16,116.24767750640034,28.726162031657317,East,A,330.7510925686839,8.113999233725842
2023-06-17,122.32442422139428,29.628189100528182,East,B,3306.62348501243,7.145836611212941
2023-06-18,115.25870490612944,27.915550918511492,South,C,10.337746784078451,6.00616133925149
2023-06-19,116.36067753648749,26.200947057942408,West,A,1258.9570184243082,7.23603751468263
2023-06-20,116.38044933015443,29.05263704982011,South,A,1225.0131499674364,5.059420621980072
2023-06-21,113.77565489548729,27.133639656624783,North,B,974.6869316163284,8.66848663733721
2023-06-22,112.86109042697746,26.12549663632732,West,C,4616.114465417972,9.356958600378182
2023-06-23,111.97679231481122,22.711340310555222,East,B,373.7912176857879,8.721150177850456
2023-06-24,112.34864747289858,21.79030697890707,South,C,415.4728142540341,5.113035524947867
2023-06-25,118.73807113217816,22.314237380425382,East,A,82.22945004491383,9.101100105608802
2023-06-26,118.3033516839965,26.97218232952014,East,B,584.8276927599994,8.901492278288197
2023-06-27,126.19785165555263,25.728890775992976,North,B,302.52302491911644,7.69782508411952
2023-06-28,114.62746134978819,21.35392070461382,West,C,420.6600215727315,6.167351824936071
2023-06-29,124.93806869704953,27.560937270924686,North,A,1799.2179562535264,8.169755038935072
2023-06-30,111.48528465668302,29.57433871727701,North,C,2740.8499836509827,9.221620645805544
2023-07-01,104.7613210443552,23.484022132253095,North,B,205.46704536450704,7.1642747863151985
2023-07-02,107.32631708962231,19.884567505530097,East,A,466.0258416288361,7.6779850647064105
2023-07-03,118.72674877993644,22.808112203313208,North,A,2639.885542104075,9.239685469008386
2023-07-04,115.88704281540264,27.326870607931767,North,C,63.801151130171334,9.558244562310048
2023-07-05,117.59376621189472,26.23714566017136,West,A,96.908036620388,6.1461499405788
2023-07-06,111.77598406810168,21.65244624867776,West,A,177.6815254560648,8.984764286298537
2023-07-07,106.06564352559354,28.81162064914664,North,A,904.3938663703713,8.675783374294394
2023-07-08,102.88695965217711,28.121526860825284,West,C,163.07469685607884,6.524698680304648
2023-07-09,103.18205398304448,21.70652412368092,West,B,3444.4091497533777,6.845536833790718
2023-07-10,112.1597249453684,21.50485182271827,North,B,591.8811850860886,8.991509128042939
2023-07-11,119.36737684511218,21.78579195374342,East,A,696.1877190159892,8.598035516806402
2023-07-12,113.17908145584582,21.872256227884424,North,B,283.23678845704694,7.798827328159318
2023-07-13,101.27048250930342,26.076322531914983,West,B,636.6917127720769,8.846307697205129
2023-07-14,105.39031190027029,24.33167498095316,East,C,1084.4538913974354,8.941080742805557
2023-07-15,107.14807875822201,25.518478752229967,South,C,1391.0140290675083,8.415003196973625
2023-07-16,104.44421492881048,24.7401177173449,East,A,1401.8876376332717,8.440089041263866
2023-07-17,113.27548760905407,27.6958581956086,West,B,862.4919714380527,8.150224871026326
2023-07-18,113.49903901853243,19.20769938346102,East,A,2347.1617837584067,8.473071571302304
2023-07-19,104.52512140476044,23.361284197163947,North,B,1700.5002871341646,8.405235964513812
2023-07-20,107.42891580740392,15.533920013427894,South,A,1414.8918581217476,9.225832371673317
2023-07-21,105.47926699373323,17.94056359527439,South,A,57.21132054820683,6.422282991411517
2023-07-22,108.79850869945052,21.50383657097451,South,A,6.901724421494768,9.359095939761366
2023-07-23,112.30578236928785,22.820951098299727,West,B,238.8249609303227,5.713680302228465
2023-07-24,103.80397705051223,21.09983464302706,West,A,1089.2272479973312,8.719293327428467
2023-07-25,106.71720267799208,19.543718956685762,South,B,529.6644467711059,8.896835807905727
2023-07-26,111.02702734150657,19.918168001910626,East,A,514.8441192801495,9.106602352999102
2023-07-27,106.43500354366915,25.037028075729797,South,A,2159.2373111684346,9.2230066697391
2023-07-28,103.49156105343329,19.620096886532806,East,B,2259.1698060308954,4.413191186795537
2023-07-29,120.90343407383381,25.86465763600539,East,A,2398.8236081577734,8.536402109485559
2023-07-30,108.1639524766746,22.845020360309956,West,A,376.6999360208828,6.492000317495698
2023-07-31,114.65973658761105,21.68296012836837,East,B,1174.594642150482,8.19102183759267
2023-08-01,114.4834258908011,16.578324052647254,South,A,316.9504858103928,3.6572600652938596
2023-08-02,110.03404399423661,22.81502845731356,West,A,211.47419521121358,8.893742461930238
2023-08-03,100.6337493015997,18.3796782536614,North,A,204.11629481893115,7.794986708893496
2023-08-04,103.0746073716989,16.130867442423607,North,C,418.71391857726945,7.680173950816155
2023-08-05,96.15913226924854,21.107478442403814,West,B,562.0445696539888,6.634915169732461
2023-08-06,102.52955191627424,15.26147744397249,South,B,1777.5558462914232,8.415384262184677
2023-08-07,104.98051309645552,16.9966089005842,North,B,127.7096217498297,6.186158697304663
2023-08-08,108.57009546169373,19.112694867519757,North,A,1327.7456709872088,8.613136064110167
2023-08-09,116.82017484924732,25.659749357147696,East,A,758.1229475460697,7.409125620971367
2023-08-10,91.36664511682827,16.806954469625037,East,B,339.6006046120076,6.164514791925813
2023-08-11,101.22760691285163,17.358083477014972,South,A,678.8884896425268,9.242414778445472
2023-08-12,90.5004736703643,20.796654081221433,West,A,356.59218990154596,6.938205491363164
2023-08-13,99.91960397793885,14.753511711602563,South,A,906.543281100516,8.84643163568991
2023-08-14,111.44309218406698,19.667530584452976,West,A,568.8854841195724,8.35210002683445
2023-08-15,107.09908205145626,21.82957559298741,North,C,179.61186621831354,7.544410056943038
2023-08-16,98.5016152872327,17.165202983772623,East,A,123.95802056890228,6.053904711611126
2023-08-17,95.79695296469654,21.04168876940047,South,B,791.1915955394044,7.523565476814955
2023-08-18,99.8923737049603,18.716396276808776,South,A,2327.0113322475054,6.857178056412337
2023-08-19,93.63840457207995,15.530939351324422,West,C,421.5299899195753,7.598627159755862
2023-08-20,102.11636548421058,17.01266330635124,West,A,1320.5070221648266,8.004176114315921
2023-08-21,105.01014250278433,16.352085446069786,South,A,1074.8802004719741,7.803263487301409
2023-08-22,102.33326092468612,17.11594472265908,West,B,2681.723523973739,6.858697364768988
2023-08-23,113.4537698910763,17.72677044195346,South,B,1720.2634301559865,9.129463149620426
2023-08-24,101.41739049330278,18.92526163808637,South,A,836.1063240224008,5.904449030730774
2023-08-25,85.27408448411472,18.581031457095413,South,A,1070.1137519038946,9.221706040936557
2023-08-26,97.1594761316688,9.656601915130103,North,A,2286.578549795433,9.623389273881239
2023-08-27,96.69411785585005,16.55891559202313,West,A,510.02391952828805,6.78155665933687
2023-08-28,108.04588541055257,12.224083415046099,East,A,395.7049525516926,8.648941792074229
2023-08-29,100.66298956267015,15.829117007368485,East,A,10.869948043014716,7.32716306873866
2023-08-30,101.22802062273631,16.19134864627453,West,A,1751.872098675577,9.046134292445078
2023-08-31,99.8741257296787,19.400077856559534,South,A,1614.353476062518,8.519042883487058
2023-09-01,98.86411569832279,16.29272543467118,East,B,110.32226937987565,9.13976697161736
2023-09-02,89.39581087413288,17.07471483234411,East,C,860.0459963188796,9.544759184444194
2023-09-03,97.5355658553834,18.592794200362288,West,B,623.5869732832385,6.572171846119779
2023-09-04,100.64932466336859,19.81604614862797,East,A,126.36750948930697,9.396845015843049
2023-09-05,100.63495687768965,15.685535860164771,South,A,3940.845772237502,8.756623321942394
2023-09-06,109.94101723825266,16.261551310739392,West,C,241.68423171619906,9.280969079125022
2023-09-07,98.72251997246916,15.936187703078835,South,A,69.60110652141279,9.431383075676624
2023-09-08,87.61605560476164,14.208116739763312,East,A,903.4914421262091,8.94105848946426
2023-09-09,99.40877568555746,13.461075600025792,East,B,1342.7241864990604,6.737319561725689
2023-09-10,109.27837631830047,8.8880029310395,South,B,32.98140208855304,6.598640264726803
2023-09-11,130.2698232201028,12.41166822307707,North,B,1075.0451054100308,9.120049642358655
2023-09-12,95.83987132312242,10.246518159375972,East,A,759.9108441883163,8.770093484191769
2023-09-13,98.26591597103638,19.291552560920913,North,A,108.99489967668832,9.361433627205217
2023-09-14,102.6439977813508,16.037555102723772,East,C,189.37502646305825,8.432764396471386
2023-09-15,90.03270572847104,15.043659526882829,North,A,839.270195554383,8.665198157821886
2023-09-16,96.72813311078026,13.221024694595268,North,B,351.4850256269303,8.148465793576234
2023-09-17,102.26956169858919,15.417670491726561,North,B,2785.7263019839534,8.195330625201716
2023-09-18,97.6548185388569,12.742107520196498,South,B,1707.8240804053528,8.374251964155544
2023-09-19,102.94699734783158,15.768691789093973,North,A,4108.4763378712005,9.122727639367312
2023-09-20,84.32850999987582,15.947313211354741,North,A,300.66037945438416,7.497144354118156
2023-09-21,91.0753085109393,12.592332284460532,North,B,3497.3878311233984,7.0148271274134055
2023-09-22,92.23623637710797,12.504376562613258,East,C,564.2859483130849,6.595050708501539
2023-09-23,88.23852670945955,18.00455561384393,North,C,426.972945278714,9.759337282843935
2023-09-24,106.56738839861876,14.93449703551049,East,A,51.6612852135049,5.629289722246172
2023-09-25,95.18837748469976,12.728066576848367,North,A,54.20833674506548,6.858399622632892
2023-09-26,101.13481539879932,13.940598038838173,North,C,1177.6920419577039,8.600804875172164
2023-09-27,101.31987863989043,12.004267501692947,South,B,612.3582795438191,7.433240059881477
2023-09-28,103.57596058047207,14.821380330913081,East,C,256.85756803615135,7.61608364877617
2023-09-29,86.5332230372022,17.507649682189435,North,A,951.8409858574385,8.105937937731879
2023-09-30,100.54790599289636,14.922541826297358,East,B,291.5001764766147,8.60902328515025
2023-10-01,98.7523962748471,22.09220074740756,East,B,861.8777254207312,9.721605176248703
2023-10-02,97.7687490042778,16.264084483900078,West,B,445.0515334189824,7.345621686370569
2023-10-03,106.02411397517953,15.691533645825587,South,A,1734.7303478796616,6.968444466053293
2023-10-04,102.08141374541634,12.281387098562615,South,A,1718.673486256617,8.268563948473957
2023-10-05,93.82984761666488,14.298273638632265,South,B,648.8440167417791,8.694456422792321
2023-10-06,94.56428579887474,12.68736799311031,West,A,432.0438789798166,8.365319769339505
2023-10-07,93.34965765040033,8.540961317764332,West,A,450.29480487298235,6.282543980068701
2023-10-08,99.85433377862434,17.977119096680084,South,C,1638.4266843651192,8.544597421419521
2023-10-09,106.61380800872088,13.539359274004212,West,A,397.76406162965156,8.049898379430905
2023-10-10,112.31184573408146,12.814826576647523,West,C,234.53237560803507,7.486198104943819
2023-10-11,95.60644965258834,15.752983505524966,West,A,88.49066172868149,7.9896489751109065
2023-10-12,108.24668953578411,16.686941938449536,South,B,628.6582623108428,5.542155387350757
2023-10-13,85.24652558295092,14.218203599414704,South,C,658.0350864648465,8.627118692905455
2023-10-14,95.34999551676829,15.206713651370913,South,A,1838.2770931126531,7.702587012452781
2023-10-15,103.1019300622498,17.489967113569083,West,A,250.0506939887871,7.065920570756198
2023-10-16,105.6224959386479,14.210595111356321,South,A,479.6359089306733,6.236468079629729
2023-10-17,102.2233023017494,16.24082112128903,West,A,1652.3753663662521,7.899026250214045
2023-10-18,101.75046969246876,10.401590419851097,North,B,1735.1349921511564,6.923868885836057
2023-10-19,96.15243461396689,11.703718571483634,West,C,485.50081427170977,8.147864401324403
2023-10-20,93.13625558100766,17.295478797560108,East,A,614.5652746364185,9.610989696065044
2023-10-21,101.47306786052212,11.652184901034243,South,A,361.3801257506368,6.572525148168216
2023-10-22,103.10139103629271,16.29207629388869,South,A,2696.4410253979045,8.647835935875634
2023-10-23,101.9485912010606,15.208254809893209,East,B,126.29338260806693,8.512996935221022
2023-10-24,111.06982293569897,14.618203909881245,West,A,2714.3111047419584,8.868831349960079
2023-10-25,105.60179970081434,13.291320516806271,North,B,1151.5905339000008,9.744984342354602
2023-10-26,130.23996649123973,18.572561324540658,East,B,758.3731970333133,7.025570425051333
2023-10-27,100.5831226320533,21.104756427834424,East,B,33.20427150562829,6.604832093828994
2023-10-28,94.47043880140568,16.888889519239015,West,A,645.4932651471988,9.137330969284381
2023-10-29,99.94395275869955,17.0316819487785,South,B,523.8232362906697,6.769591150374029
2023-10-30,110.6160585771345,14.09575892659188,West,A,175.80540745327076,7.856981404586074
2023-10-31,111.12774121181396,12.635621137628469,East,A,1068.305038915304,8.050667095871695
2023-11-01,105.5021722048367,16.188455121006683,East,C,3545.676737763038,8.403208354776046
2023-11-02,102.09563525485783,13.47275409362459,South,B,825.9675370352235,9.183444174704015
2023-11-03,105.43835081268371,11.165050507583347,South,A,1254.4007765248352,8.619985979505373
2023-11-04,97.30894110402258,18.984616537230714,South,A,70.90589933631709,6.172591029920169
2023-11-05,107.16771854502561,19.224670978863713,West,A,540.7128227430152,6.365009164765421
2023-11-06,107.59163301270245,14.188011331584711,South,A,123.70382479666218,8.351852206410687
2023-11-07,108.74575364818979,17.595214659381742,East,A,948.8031683082929,8.378823039707687
2023-11-08,112.89371984785934,19.970380318036185,East,A,2788.4280359045824,8.118504271949835
2023-11-09,107.46373238414736,17.683183221733792,North,A,1084.0520033830264,8.109500714087716
2023-11-10,104.97932474812201,13.594566044025967,West,B,79.91268513412317,9.254888792171686
2023-11-11,108.68963120756425,16.583592394820865,North,B,437.9875843983029,5.993381885229756
2023-11-12,106.46595984678899,21.37322734656187,East,B,799.9829604202996,9.202052114721207
2023-11-13,113.97391114820947,18.246656562293385,North,A,516.1862263788674,6.9431272572992855
2023-11-14,110.27677833900236,19.237968206517028,East,C,1793.6252716063068,5.798579782271082
2023-11-15,111.04657408375513,18.7626385120658,North,C,1685.6226803821805,7.927926843088696
2023-11-16,104.74333875568503,15.290544753374208,South,C,946.3145189701983,6.773519129074566
2023-11-17,103.48518949513861,16.115984848105093,North,C,467.5393802152782,9.48986057742481
2023-11-18,107.25700899139568,19.11863542449934,South,C,294.82267097022935,8.459469806801106
2023-11-19,104.41889234056147,20.678215958151732,South,B,111.908930035361,9.651786282672017
2023-11-20,123.2047121515432,21.6548801975251,West,A,438.3463445134082,6.526214124532926
2023-11-21,109.0057262451924,15.9103797506274,South,B,533.0243987856998,8.298733895897998
2023-11-22,105.59106042075867,19.915517012284937,South,B,1126.4653850249829,9.082482963588976
2023-11-23,113.4489098229917,22.310635849052556,North,B,1073.4119736562513,7.051376997087506
2023-11-24,109.25033666689603,15.923455931144881,East,B,72.68697877993114,6.137383871464378
2023-11-25,109.72061226839904,23.481949992809767,West,A,502.95553338270713,7.766739025273713
2023-11-26,113.99694412450992,24.07730748345557,South,A,200.6226454377922,9.058607766476426
2023-11-27,115.05264212187764,27.17624844273736,West,C,170.56616928390105,7.685714210620466
2023-11-28,111.94596113067131,20.135980597729496,North,B,1756.2117417196362,9.039352520532336
2023-11-29,147.740004538569,20.296289507751172,South,B,42.81900463101456,8.280634344210984
2023-11-30,106.71789686872285,22.213435639246413,North,A,543.3193322665865,8.69691075402009
2023-12-01,112.63656786871746,22.272856236033604,West,A,184.16764668961784,8.627114257600155
2023-12-02,108.35667959066235,23.407059798517437,North,C,2114.6975192395194,7.207347263189502
2023-12-03,109.24209568824732,22.530041062431785,West,B,814.276965207114,6.088824069082255
2023-12-04,116.04312148734834,20.01116502411158,North,B,263.15940780008117,6.105540543177713
2023-12-05,121.05426596713643,24.148133464591666,West,A,698.0135766138083,7.053430016520411
2023-12-06,113.84251473166812,17.422507909875897,East,B,1314.853564472995,6.498407452787404
2023-12-07,108.59053038754357,20.809246924219575,North,A,3172.8993515940024,5.749997584302977
2023-12-08,111.59667043169696,25.639561623941837,North,B,249.03332315328373,8.275518167645536
2023-12-09,102.02669564190789,17.35547909018703,East,A,2173.1525955061657,9.20337101508568
2023-12-10,113.48890405981456,19.232807654877803,East,A,2722.7189759620637,8.516117938258903
2023-12-11,117.96632140856771,23.44059771758326,North,B,2481.9575370836897,9.506956009519016
2023-12-12,122.83809594909792,22.768270777258095,East,C,1008.9937945340157,7.657904592699976
2023-12-13,112.1250750650894,19.123647747032173,South,A,993.7676730375315,6.956192283495879
2023-12-14,108.38413609487563,20.66329317914704,West,C,516.1910472483327,7.011996310538739
2023-12-15,109.52063623216335,18.53359404253821,West,A,1395.9321853156544,6.4025790688418995
2023-12-16,113.40945751808245,25.182325548532113,West,A,757.7796119222651,9.417554243787981
2023-12-17,120.34037524820766,21.63897326723435,South,A,1131.4601339820856,8.190793976630468
2023-12-18,130.47329749584685,27.949599286455943,East,A,559.4171394027411,6.158506049620678
2023-12-19,128.75325455305477,22.983664649639874,East,B,1314.891195820636,8.189074785517112
2023-12-20,121.36433812462431,22.249044033327806,North,A,1739.9539563927044,6.707944400245765
2023-12-21,118.13564550258248,22.12631966373366,East,A,158.33505482968752,9.207626732755148
2023-12-22,110.91953023296695,22.513274556379933,North,C,1789.3406902791594,9.148725365272844
2023-12-23,117.21280305231684,23.747945535793047,South,A,777.1736316917953,9.21718404713377
2023-12-24,120.1798802461609,31.122782052855538,West,B,1862.1770564349338,6.6178731830774
2023-12-25,127.55540806244008,22.739475941303922,West,A,564.4052250976836,5.939778044578307
2023-12-26,123.18136330591071,23.007858301122447,West,B,476.4893930273885,6.258142479992129
2023-12-27,127.61988542796215,24.294881494346082,East,A,2465.818778071359,7.026626182511206
2023-12-28,128.75939950246465,27.540371636922305,North,A,289.24231239120246,8.522039877816871
2023-12-29,118.25850510664436,20.17825874772793,North,A,1859.2612583419811,7.437794480652055
2023-12-30,122.18849909325414,25.978320308963667,South,A,661.6883834996437,9.471635425937242
2023-12-31,127.95219935305417,22.332710744528377,East,A,721.7430582178052,8.996844756347478
2024-01-01,126.81704319885145,26.616812139823026,South,B,368.8462597889831,7.712063934410834
2024-01-02,131.32162431963454,23.64773477241283,North,C,851.0701011270652,7.7758902373678165
2024-01-03,127.97136089791171,18.388689929250724,North,C,393.35552043998683,9.231684551427042
2024-01-04,124.47022170463386,26.58162303577378,West,B,40.061257122726744,7.421331699306535
2024-01-05,117.82357126470049,26.728077882114224,East,A,317.45231505151145,7.860453051889723
2024-01-06,123.18827152044294,24.078965228593617,North,A,6.399476445828731,6.92194594778891
2024-01-07,129.8760047772523,24.072495628028733,West,A,3832.970960153524,9.34553360649651
2024-01-08,138.96143958149932,22.224437862431827,East,A,3373.9872524751436,8.5312445070246
2024-01-09,137.87742295993647,28.648541856177527,South,B,502.7835439386897,3.493489966438888
2024-01-10,141.55083870195887,29.14618202872488,East,B,1303.3175780816855,5.722945011569228
2024-01-11,123.01754218612261,24.032230939122922,East,A,424.3514858571407,9.259410940441576
2024-01-12,128.9178653012551,25.218935131896725,North,A,1111.980720548938,6.987790925037235
2024-01-13,126.84456905270712,26.817681950651345,North,C,1636.9635047353424,8.954130705065918
2024-01-14,141.19095772795825,33.98836189458946,East,B,2932.874752485198,5.0671123058723015
2024-01-15,130.5132479845895,28.978704187484833,North,A,511.1794794483153,7.129549555275165
2024-01-16,131.72386442279685,24.67997186123369,North,C,1529.232062481517,8.840692438399742
2024-01-17,130.621055986902,28.58769598225918,North,C,309.1487764155261,9.106093356735945
2024-01-18,119.05888569410234,23.71162510288344,West,A,4638.9652392295875,9.498777807949125
2024-01-19,124.74186902529702,30.160174420889085,West,A,26.10745173687319,7.141521745766843
2024-01-20,124.93618448991556,33.19645985413874,East,B,925.1518925039455,9.194375114444277
2024-01-21,133.78681965772557,33.37186891107481,North,C,1077.3577208048118,8.766028185154212
2024-01-22,139.04466125479735,30.698864410016995,West,C,1164.8981180973005,7.480739667538391
2024-01-23,148.07202298832328,26.90460289052873,East,A,128.27389897000617,6.75638556618798
2024-01-24,141.12570933372749,24.911709221185543,North,A,2789.2025055890326,6.481691982524252
2024-01-25,129.53561919595242,24.772245146599566,South,B,199.89500411636573,6.498368125251623
2024-01-26,125.60587670829806,20.71147910091718,North,B,974.8562025540377,8.173753492475987
2024-01-27,133.9036171831552,31.36774569910103,North,A,251.89812890208262,8.349807491346638
2024-01-28,129.13006511657426,29.132451480918977,West,C,367.03761863891737,8.3407252550136
2024-01-29,149.17310650513895,32.32207202153384,East,B,790.6685951447728,9.704737209398713
2024-01-30,147.2512004122173,34.030623894623716,East,C,539.8999119392918,8.702133708441016
2024-01-31,136.67279651809014,30.196947412946187,West,C,174.6219958079338,9.295824173156944
2024-02-01,126.48116223855368,30.484367783320977,North,B,187.4584107710882,6.197508616976711
2024-02-02,139.47498671509146,28.801280758135444,South,A,541.5336391128353,7.483304294029179
2024-02-03,133.45934447272094,29.302210317843493,North,B,1415.8590338737295,5.9420868410056595
2024-02-04,144.488058719162,32.6705147554224,North,A,2282.435926218123,9.413612559793513
2024-02-05,134.59052606399052,30.10499824472889,South,B,87.8782932996094,8.721722656248755
2024-02-06,140.88247027360416,29.812453201144688,West,A,499.3976847166674,7.332756080115969
2024-02-07,141.54812734182443,30.85417120782301,East,B,105.63340146874665,7.817168175598779
2024-02-08,137.76226153265324,33.70600935487958,West,A,16.731677737616526,6.382731726019558
2024-02-09,132.9125186326026,29.10514166360752,West,A,1083.8774297986395,9.317807611293166
2024-02-10,139.57962671867602,31.117818668284645,North,A,922.4331629545526,9.027944238318387
2024-02-11,135.3697423976441,32.18564619657273,East,A,177.95404485243714,6.321198912947396
2024-02-12,144.2345974003882,35.060978252949376,East,B,266.32879586794564,7.926833898781247
2024-02-13,146.83905356052387,30.990974850403326,West,B,23.993304648808653,9.211918116693674
2024-02-14,146.42617661255298,29.681962400112084,South,B,1801.4898907711345,7.761063933293601
2024-02-15,143.39080191821347,30.50689438845032,West,A,3676.579254625421,7.241572835289852
2024-02-16,131.81775954147335,35.24163461407863,South,A,145.55716962699086,8.634875689428451
2024-02-17,131.0451530046788,38.302767490063104,East,A,263.28246377837473,8.651027147231773
2024-02-18,149.31827420997604,28.37983599274536,West,A,2028.0606331272172,5.104664546649268
2024-02-19,148.8012935343744,29.151295994077834,North,C,2609.9774492099154,7.86508951711601
2024-02-20,144.65904732715285,32.04470109728353,West,A,544.0849382835793,6.047361294489201
2024-02-21,153.7438244302215,32.99561587424903,East,A,51.94874311459001,8.04331043162897
2024-02-22,142.51487068030767,35.13304488107235,North,A,40.188688530854165,7.488883190609243
2024-02-23,145.4104331109738,30.20582585682677,North,A,853.1982543531234,8.821022978340876
2024-02-24,141.09502911459222,29.79465488149937,South,B,499.0537003688611,7.632577260451536
2024-02-25,155.24361593516747,33.50063797094401,North,B,29.0709216796071,9.146847298505007
2024-02-26,157.89423434837514,32.411175982109924,North,A,875.2744977697656,7.404934068260559
2024-02-27,149.1018429933971,36.06412028623571,West,A,11.366895662418234,8.190125031961985
2024-02-28,152.75804636382938,34.841164496442964,East,A,1548.2109221921846,7.9867919068897315
2024-02-29,147.04202369222654,35.13787141763842,South,A,365.90717687223224,8.87622813726076
2024-03-01,148.20185674865468,33.248430701272454,West,A,41.090783775467415,6.314449754373199
2024-03-02,136.70217289481204,40.71622328528896,North,C,887.5872005714681,7.522644222466739
2024-03-03,150.14589415792642,31.221286812952968,North,B,506.9737425165611,6.144535598284689
2024-03-04,156.15033697515435,35.649423818972174,South,B,3642.0116453299834,8.292722785460153
2024-03-05,143.2582013470512,30.08777882599172,East,A,785.6982277819278,9.025763119992956
2024-03-06,143.6533219988226,30.753667502803214,South,A,321.9135834366805,8.472950275505962
2024-03-07,135.25224178678022,32.22659991668521,West,B,1235.9412760671196,7.7538520929640145
2024-03-08,141.60841786827783,39.00849526261372,South,B,316.7566754287018,6.825038252308042
2024-03-09,147.7155178779756,34.981398173742335,North,B,2345.94458974716,8.626587565325483
2024-03-10,155.75018291277811,32.48475092188579,West,A,469.5588809727146,7.86848283552084
2024-03-11,152.71398449950547,35.44322529642436,North,B,798.215656146081,9.459973742578068
2024-03-12,161.64251018023705,34.48633324069417,East,A,51.89674360981235,6.467663176233448
2024-03-13,144.07859209007867,32.963166810707726,North,C,555.3371209164526,7.732944564397094
2024-03-14,138.30265123193672,30.30460449478545,North,B,1785.9575708045602,5.935138599853293
2024-03-15,144.0102863623292,38.86271308705509,South,B,1638.0884748715227,7.171114301473834
2024-03-16,147.34186627102522,35.22630945477965,North,A,254.013357069355,9.331674892297237
2024-03-17,149.32957499151897,41.16499976037217,West,B,256.2855695393642,7.123737223775013
2024-03-18,143.22164043539425,37.508825321879485,West,A,1699.9388921743534,7.709811544956274
2024-03-19,154.22964409031653,36.38302866105648,East,A,2664.968013182787,8.80502304063379
2024-03-20,145.59282914737912,33.461786539252145,West,A,100.21922286375343,9.291844972029255
2024-03-21,151.26407456889885,31.51680254120017,South,B,597.943623578223,8.299298093401298
2024-03-22,147.17705312024916,34.182185169131955,East,A,411.6657106188567,9.389086275374112
2024-03-23,141.7378951437897,31.492128783183688,West,A,2045.5307122513907,4.955045682581461
2024-03-24,147.89902850986488,36.842286937041806,South,C,87.22039666546804,5.3258267519156135
2024-03-25,149.1975102725333,39.8134553991432,West,A,237.1485938913611,9.251825552823023
2024-03-26,155.25585360655978,34.153609063547265,West,B,1396.2167762121442,5.66579413102223
2024-03-27,157.7440482432872,37.78772641031813,North,A,52.65616897537501,9.378390232912281
2024-03-28,143.79928618359025,32.901528289982686,West,A,678.3282861896274,9.298951732489108
2024-03-29,148.63544519068626,34.073826942244025,West,B,583.5881534227699,8.117674510375622
2024-03-30,144.51601652138018,32.54539385361558,South,A,407.0681607939375,8.694045132838319
2024-03-31,147.1927951432504,28.596988766247577,South,A,501.8201538710777,8.900845272164903
2024-04-01,154.60594601211355,34.889931793852895,North,B,754.8961814804645,8.177213563949826
2024-04-02,150.9992313986436,35.38507200620209,West,B,175.98252106831833,8.900480318543254
2024-04-03,150.7649205148102,38.194525662414705,North,B,848.6224532681886,9.904652506164208
2024-04-04,143.26196857121255,37.37752504068836,West,A,1636.975255097398,6.983128537921186
2024-04-05,156.42087809747218,37.409380036482425,East,A,1427.7871213455,6.596181719654524
2024-04-06,147.78425962803732,32.04876973802911,East,B,167.11761040988898,7.828292613899873
2024-04-07,148.05777794060202,36.334776850275375,North,B,161.6363423177122,8.850653461863393
2024-04-08,156.5688761968369,39.68652712829601,North,C,312.2130006984853,8.382448153967237
2024-04-09,155.93035022431525,36.05786804915326,North,C,447.96777407365596,7.044285942051488
2024-04-10,152.7035833427483,40.3806296273616,South,C,525.018503553894,7.9303984826391805
2024-04-11,152.55623309252348,40.92540336771756,South,A,1138.4885331551513,6.171309554666675
2024-04-12,150.57768242147188,34.03383622026574,South,A,58.35016952137922,8.885348505622693
2024-04-13,145.10726224656344,32.7162462029624,North,B,35.28806854202966,7.559105261502074
2024-04-14,148.78817202165712,32.48760128056703,West,A,497.4333074129739,9.276390527961496
2024-04-15,154.19371660258832,30.18561096673465,East,A,1194.5628575330811,8.364777878164398
2024-04-16,145.01164495904766,33.13795992636031,North,C,214.9712147065439,8.840307998005802
2024-04-17,146.22113142313347,38.27244680689408,South,C,1025.8391190380262,6.952715992074142
2024-04-18,156.26796664162472,27.990764137254942,South,A,300.87287372223284,9.656790981990964
2024-04-19,154.92287567652045,31.44110142049155,North,A,2172.3124564704276,8.23288745924271
2024-04-20,146.38234768374514,34.11982503430637,North,A,2260.3875099891225,8.808603730058438
2024-04-21,154.37785560575318,31.8146099303585,South,C,352.807011587779,7.43895809856534
2024-04-22,156.91327392742943,32.80645860010901,West,C,261.3566524312562,8.62797682973007
2024-04-23,171.6641479897022,32.79070015629287,South,A,529.8453101530029,7.782532410955147
2024-04-24,159.10411585683013,33.49168105280832,South,A,275.1365446183705,8.217564911916165
2024-04-25,148.46405125678024,32.00980870217298,North,C,1115.912609817942,6.836484560095482
2024-04-26,141.55150767693632,31.69568233913111,West,A,1749.0717991613753,8.702162393479618
2024-04-27,139.18784893179412,36.86069889540623,South,B,1118.0768936885804,8.345848051707016
2024-04-28,152.06658394979826,37.132499528401176,South,C,1739.2644465265998,6.639671949360929
2024-04-29,151.091380535165,29.765015923127525,East,A,505.82508434186946,7.293178399669712
2024-04-30,148.63678770128453,25.54832710526734,North,B,169.97841263755953,9.090592304153224
2024-05-01,149.71418662862337,36.93510510939854,East,A,1339.2235690718926,8.479220839547793
2024-05-02,143.09951374559085,29.973852782187976,East,A,447.0287918955937,7.88249388665477
2024-05-03,154.13165576170658,34.211199321882354,South,C,1112.5210442012356,8.840005686284991
2024-05-04,150.95846945123824,28.786123077865255,North,A,315.59324643349555,8.240688256153438
2024-05-05,150.30338520938454,37.284067245954695,West,C,84.71906250393826,9.144518805499871
2024-05-06,161.5309809131091,40.92698659591333,South,B,4903.818230567541,8.410455094718388
2024-05-07,155.357528466192,33.74712934264523,West,A,169.84156636460162,7.897882026940749
2024-05-08,147.82813735714944,32.81670024488741,West,A,4458.561645018778,9.007237899577111
2024-05-09,155.27564040647405,32.0304924131085,North,A,3784.5067171075034,8.461189787882184
2024-05-10,147.50891559141039,35.2378456063663,East,A,1578.9965090618762,8.688163997676341
2024-05-11,140.44851196361935,34.48870895673665,North,A,1077.1139295910264,5.028085921775861
2024-05-12,148.4424941734483,35.687041197386264,West,A,862.2928425493258,9.260023197689597
2024-05-13,148.7709978987234,30.681421788311383,South,A,2010.6735676349174,9.46966254338259
2024-05-14,147.04183953700306,33.47191133878134,West,B,341.70121419421207,6.013986066355528
2024-05-15,155.7183618698479,30.708335846949385,South,B,630.5127444514089,5.323755881392133
2024-05-16,156.12823522204945,29.04460416685774,South,B,965.9799696762551,5.9032427018979075
2024-05-17,136.711336866614,31.97458006338122,North,A,529.6525362049009,7.156131669970465
2024-05-18,147.30854604542418,29.207863048764274,West,A,557.718882855961,8.020516573964647
2024-05-19,144.96955913949452,35.3722930131769,East,B,400.9025337516593,8.137697821134179
2024-05-20,149.51216248087144,29.13903431168478,West,A,830.6448666735943,8.436315828179698
2024-05-21,149.76318197899286,32.68712671841349,West,A,1900.9575256026637,8.240865103147513
2024-05-22,109.85335126621376,29.65596344349968,East,C,225.0558511023859,9.614243947713057
2024-05-23,145.5358266353157,32.165246572929625,North,B,2724.6833494352513,8.06258744430615
2024-05-24,138.23364746305143,29.628022233326703,West,B,1168.24425137824,9.017841256341224
2024-05-25,144.5028953708396,27.292497077910156,West,A,1733.1503134101565,9.27115267535079
2024-05-26,146.60172020750656,32.37777360023176,South,B,812.3602967116906,9.030078167459333
2024-05-27,149.35696256624502,30.080779253036344,West,B,1511.933330383703,6.822928286743356
2024-05-28,146.76557632415688,31.503839208210326,East,B,16.333058503340645,7.686716055438378
2024-05-29,145.49718538537408,29.216543138395217,South,B,1705.8410255599656,8.618730235366947
2024-05-30,147.59877215029192,26.374821515700226,North,C,40.96664986292487,6.707158686433128
2024-05-31,143.39762105780304,33.46214025475155,South,B,2206.487735485061,5.986749666571444
2024-06-01,136.74409602104953,32.27530864295972,East,A,4823.6679505314305,8.394618557949169
2024-06-02,145.8080485104076,28.21508453757388,East,B,348.2356015457985,8.136684342853789
2024-06-03,152.74492791061414,29.97478247846417,South,B,236.125650647291,8.893006285782626
2024-06-04,141.37107559127824,32.73957048939459,North,B,1449.7171906671585,9.648078384604267
2024-06-05,149.4915792231505,28.089099021819685,South,A,291.72535674715715,7.1061223261059725
2024-06-06,138.88207950685486,28.399942654247084,North,A,2006.655002942597,6.2008011357811395
2024-06-07,142.09968002038298,29.880601715075677,South,C,108.52394977398257,8.99130482376287
2024-06-08,136.15012635594908,27.61531110538508,East,B,134.62364191664372,9.000885519034133
2024-06-09,134.60305942049914,31.405558898077473,West,C,3870.4759186803567,8.194623322899727
2024-06-10,139.1485362675664,28.168144551261754,West,B,1120.3638425948373,6.341078298529801
2024-06-11,148.23960156704248,26.162215805951824,North,B,1876.5805338753757,7.11084460319263
2024-06-12,146.33793481551945,30.178676514462154,North,B,392.04956628423434,6.601784547254033
2024-06-13,135.9222838574482,24.763812534820495,North,C,1128.5059329816718,5.444183779774711
2024-06-14,140.67310241310525,34.071340591929534,East,B,901.9979306056842,6.296072599786278
2024-06-15,129.87772465665708,32.60979877406241,South,B,924.1972061363579,8.187016727520719
2024-06-16,141.5020920803496,29.237553885364324,East,A,1147.3797006401978,7.580310058868268
2024-06-17,139.42297996905492,28.819020185689013,West,A,856.5115806121819,3.7891354992628234
2024-06-18,142.919277116076,28.511562067670027,North,B,560.4753034927772,7.653276949509385
2024-06-19,181.51906092927968,25.729464534432093,South,A,322.8571165790651,8.658119663989307
2024-06-20,134.29806307876785,27.92053885386854,West,A,1463.5267886230008,6.880867749002492
2024-06-21,133.7031459220532,24.090472811778064,West,A,256.5354440990672,5.10533287457947
2024-06-22,141.35278370988806,28.202036259152017,West,A,1178.8065028200192,7.501738396830842
2024-06-23,137.07493106034923,29.124331923487354,East,A,265.70249962365364,9.460545713095712
2024-06-24,147.77502165933564,25.216292855453453,North,A,981.7100940501913,7.730776307628441
2024-06-25,138.64072295336376,24.394606190133217,West,C,1374.6751943563506,9.40858067405761
2024-06-26,143.9595729203454,22.371491758030302,North,B,246.8138568001089,6.078489206115338
2024-06-27,143.90547629932504,30.211501235549754,East,A,61.815087304508154,9.137940582033652
2024-06-28,121.35961264685777,24.119108266373694,West,A,140.3819389766373,6.263782955714156
2024-06-29,130.42386961586033,24.898150983082715,East,B,931.3966724321659,7.220826690424859
2024-06-30,140.9275999556615,26.22295627788022,East,A,1893.4361533710883,7.620011126763804
2024-07-01,140.66071495641333,25.997138453485135,North,C,46.040609957652556,7.596314774042253
2024-07-02,144.22160947665265,27.218177273815463,West,B,1324.8277749529013,7.8720764166636386
2024-07-03,136.3652021116697,23.66849505230177,East,B,417.5153909322173,6.3943428069299095
2024-07-04,135.20382292072665,21.21852608570606,West,A,651.1004066337758,7.060979702405048
2024-07-05,131.01206656733373,20.521687211986006,North,B,2643.0991847557534,9.14845977422347
2024-07-06,138.31996282882278,22.553229678862344,East,A,403.42444877423037,8.042779751229316
2024-07-07,137.38785138877984,21.263965997729578,North,C,626.1185135472468,8.330169096689948
2024-07-08,141.43897623232112,23.03744989915323,West,B,13.776881677615844,7.200574750807693
2024-07-09,138.38374100712446,27.70013025562529,West,A,85.12085969485157,7.446501648410209
2024-07-10,135.02727819695085,22.475014802800626,North,A,299.2036464560498,7.928941626135381
2024-07-11,130.69190984327713,22.30376468922448,South,A,28.247470458722333,8.93822021168131
2024-07-12,131.8508946862027,23.217851397746912,East,B,997.9762963455646,9.286880787055198
2024-07-13,128.4693733929526,21.881016014622453,West,A,555.8201249895719,7.729362992498454
2024-07-14,135.6636328973668,22.727123407507012,West,B,794.3943957336257,8.579030554409044
2024-07-15,148.2334509305393,24.383923662806733,East,A,191.9443306061396,8.049226218850281
2024-07-16,142.91140844035456,25.248250502967686,North,B,350.88037838894286,5.67191799817865
2024-07-17,133.95572618414334,25.437030256106194,North,C,1090.121859148712,8.131580924221307
2024-07-18,136.98987840472242,28.432101913787513,North,B,3361.094085899507,8.246883217348678
2024-07-19,125.97663410920413,23.80458853763465,South,B,51.73209970347977,7.28979710255465
2024-07-20,118.5320118714117,28.635771040032868,South,A,2210.7748568101183,7.064490090614296
2024-07-21,127.33331737272202,19.439620820297613,West,A,860.1022914022199,9.255177269867815
2024-07-22,126.67281587274611,27.880608945520862,North,B,829.9285727291361,6.918324791406643
2024-07-23,134.98056757649,20.304318185371898,East,A,693.7044061968387,6.783880252513299
2024-07-24,133.87298709680064,20.43913351513801,West,A,71.91938444906127,9.15423403427752
2024-07-25,137.5744239844391,20.76641589650852,East,A,94.17536086475614,8.197567861547691
2024-07-26,127.8741257779508,20.312161005652953,West,A,918.573349211753,8.716145602163714
2024-07-27,125.86432701868634,21.068727056482082,South,A,416.96888065219997,9.317088311678335
2024-07-28,134.77335264917056,18.915544117586062,West,C,2492.1496157845495,8.163539820894966
2024-07-29,123.23971441780043,22.99122247254632,South,A,521.8706247737462,9.045624802421036
2024-07-30,136.20151716333447,18.689869904817424,West,B,154.64583755069373,7.306266044229557
2024-07-31,135.93787371963202,22.163621749460784,North,A,1254.2800359175762,6.323330821016969
2024-08-01,120.119946066752,24.629798306245632,East,B,347.2246269556979,7.352870256755519
2024-08-02,130.2975251482547,18.826623013853688,North,A,745.4310861900855,8.799063883257423
2024-08-03,127.01083718927288,22.13389283737794,West,C,1196.7747244569955,9.659132854088588
2024-08-04,126.92829774509312,21.28258625003544,West,C,2305.2296989042943,6.8237964503783965
2024-08-05,135.85822167837412,26.21973126509546,West,A,1571.136827786808,7.75901058326094
2024-08-06,144.7969545229729,17.804180217328476,South,C,1128.1267916175996,7.314854895812498
2024-08-07,131.43465877423168,21.563169252092873,East,C,1138.2886346791263,9.918520430874572
2024-08-08,127.21809684349475,14.160926453118307,East,C,2917.376724309139,6.3974367685372915
2024-08-09,120.76900028864092,17.41415379073024,West,C,350.72709252368094,6.4683127261163
2024-08-10,119.57970598024494,19.82648140671796,West,A,1.1127130317828648,9.5473395688851
2024-08-11,131.69109451781702,22.812201323447365,South,B,317.39181432433116,7.164019184324188
2024-08-12,126.97325227342323,14.823224023648827,North,A,245.76164734957564,8.296930658448225
2024-08-13,123.29498036626798,20.729521894769952,North,A,1084.2201100590398,6.343307664456922
2024-08-14,126.74745827709923,18.05376701082239,East,C,1004.3342770903525,7.013951241081509
2024-08-15,127.00867396577914,13.553041203400777,South,A,900.0763550100638,8.890612443178714
2024-08-16,123.39780442693198,18.538608090467324,West,B,16.376814174340517,8.166647663325017
2024-08-17,127.70776216558176,22.999627873826164,East,C,1304.8178060225275,5.2093017599097955
2024-08-18,123.70844275201428,14.39128206464207,South,C,390.8677880144847,8.971392402694685
2024-08-19,128.6519016459012,17.305287404793884,North,C,1093.791892488151,8.956618815138107
2024-08-20,125.91089284023933,14.559913495750079,South,A,813.2343327851879,9.245953667604427
2024-08-21,125.72040420669113,16.00102505521736,North,A,419.66179400233426,7.711628473399229
2024-08-22,125.33640944992428,21.592474640580722,South,A,144.5360273752324,7.5987452028731886
2024-08-23,124.38106256768167,16.372860890728365,East,A,99.17843930890066,7.203131279467536
2024-08-24,116.8068321049672,21.285913500821806,North,A,1780.9283369620302,8.791863166305502
2024-08-25,129.53558942255773,20.304503698645185,East,A,2505.895895916186,7.511853940636852
2024-08-26,135.7403982796409,15.787627114677758,East,B,1049.2167271152298,7.85056624409582
2024-08-27,131.86516554034205,15.268945842989206,North,B,109.1834971264241,7.335712299386024
2024-08-28,136.3519158990979,13.992084567724545,North,A,514.2100392583,6.893300834847169
2024-08-29,118.64024412279998,13.793236166838213,West,B,1305.4121294104903,6.280337221016866
2024-08-30,113.46576615672942,17.55379056774464,West,A,1513.313900290569,9.69102589136519
2024-08-31,111.65102502246593,16.345618085799693,West,A,125.81112477879059,4.549273437023968
2024-09-01,131.8291964948346,14.447506780345211,East,B,0.030719317215809495,5.437243863414286
2024-09-02,131.4302899853086,11.587952420325095,East,B,1245.2707658526183,8.76542462422279
2024-09-03,128.75153770948478,16.471289520784026,West,B,440.98272074788173,8.759343968443803
2024-09-04,127.6348366275679,14.665226753417352,East,A,293.675103666677,7.474444625687825
2024-09-05,116.18474692863781,15.411761658680756,East,C,12.981364284835387,6.529465308902839
2024-09-06,131.25709513581768,16.83807562514161,North,B,777.1798856802494,9.238035016685874
2024-09-07,120.56665864959452,8.347802656249304,North,B,1904.8211322512789,9.712851108000711
2024-09-08,124.30883284240255,11.185215212602683,East,B,3161.353569773724,8.430780286124888
2024-09-09,131.2374518289455,22.60892289267014,West,C,834.1232460949946,7.141953754327978
2024-09-10,130.922241887524,14.13706300222295,South,B,722.4963399222758,9.542831303725098
2024-09-11,126.88001940618784,8.044660850423409,West,B,88.89283909093012,8.03709981896086
2024-09-12,117.42357905920298,11.189987765131157,South,C,796.0059427533637,8.234716652546023
2024-09-13,120.98786054544661,22.93885797859092,West,B,478.0020579081002,8.392234127533145
2024-09-14,128.97154269273202,13.324926567525383,North,A,934.2899525391647,7.858699659574327
2024-09-15,130.16875867006692,18.86225851598128,East,B,492.2105442611789,8.57254662469397
2024-09-16,135.29352014187393,15.70270577948141,East,A,274.8305066633948,8.293092640484437
2024-09-17,125.71947941459871,13.841448416384726,North,A,99.7819661049211,8.357984822650225
2024-09-18,120.61054440223165,17.582555151873883,South,B,378.2173888125585,5.152896508942288
2024-09-19,120.5847947672159,8.065901265856034,South,C,101.63948538341305,8.378468192862165
2024-09-20,118.78692004671447,10.861220348451724,South,C,194.6738745078903,6.662067243292783
2024-09-21,124.95033126784602,13.676116617086038,North,A,4369.00447855589,7.156444385325781
2024-09-22,114.9376316519481,11.095921739698875,South,B,587.1732555080489,8.794733750725536
2024-09-23,134.97413208166066,13.356689129400992,North,A,759.0130174021007,9.777962621101329
2024-09-24,127.5249511285974,17.637479050901764,West,C,2068.450396125348,5.618111959940651
2024-09-25,123.5043655363513,15.453004067477424,West,C,5419.107529487681,9.403305233504403
2024-09-26,116.27429757620544,19.031641413452437,North,B,873.9845177801425,8.372642598748776
2024-09-27,110.39609595803441,15.612059949725637,East,C,1673.8368222200386,8.373603631248631
2024-09-28,123.79839808905633,17.992411867468803,West,B,395.92232217629856,9.57032699143183
2024-09-29,159.15830135422118,14.81486846236581,South,B,364.9144491201648,8.959635555638698
2024-09-30,121.16215588763015,13.231259968425233,North,A,515.3420089544921,8.51648694971738
2024-10-01,122.16647302373757,19.44175618436325,South,A,1116.2894002554692,4.13396072646526
2024-10-02,124.3280651624179,12.872925898654035,South,B,1146.3068743564359,7.335789974264921
2024-10-03,130.0895192779634,16.036394848404584,East,B,378.68604145736356,7.5055603149054
2024-10-04,117.8234098584415,17.318393807894736,South,A,142.95845855094444,8.748342699516039
2024-10-05,112.65922122361782,17.545976868981363,East,C,1000.7497048351262,6.2472306438170575
2024-10-06,122.94937090461218,11.537920581313081,West,A,137.33962008519936,7.392948850909999
2024-10-07,126.82351666448798,18.205798672037446,North,B,863.9177276277925,8.206672087412178
2024-10-08,115.77396308418962,12.131724959439495,South,B,1182.2834875439826,8.361587787294948
2024-10-09,126.39335846567663,17.522283770813488,North,B,1206.0132058448962,8.155621583503653
2024-10-10,121.28884507533792,16.720207802213864,South,B,1400.2801505590126,5.726996304853832
2024-10-11,123.34270145049967,17.59801918175028,North,A,2062.4618878984484,7.430482526067274
2024-10-12,130.20113922142215,11.557473543618034,South,A,693.0651678526561,6.4374610725106525
2024-10-13,130.6333645185927,16.96953836568511,South,B,1310.2566703241107,7.970836837615054
2024-10-14,127.70607309504763,18.498693473677832,South,B,965.4093803239629,7.618021874651121
2024-10-15,124.62996406751078,15.86115067601014,South,A,206.58138899841825,7.745828182350886
2024-10-16,140.47651871560703,12.867040189098734,South,B,26.02538633000231,7.639934526480551
2024-10-17,123.72504865665732,18.126923584755264,South,A,334.8315232754807,9.868579858852305
2024-10-18,120.95715697570621,15.75708049817006,South,B,585.2505549570333,7.8832200958969265
2024-10-19,189.285683623193,10.442465955018232,South,C,959.9969453743118,7.061976663995965
2024-10-20,127.09711135987698,12.830528815726357,South,A,1896.8488916563408,6.762983033173229
2024-10-21,129.47474407513454,13.996317616841221,North,A,218.46167430754426,6.590227148194106
2024-10-22,128.47999731448314,20.15154903087915,East,B,134.15992141991447,8.335428494036778
2024-10-23,126.10061388735916,19.68630790653551,South,B,3309.8937849849776,7.426151058011357
2024-10-24,124.52963351071806,19.741081995150598,East,B,114.33910210774867,6.75980954719754
2024-10-25,119.47385222513445,16.524409201852986,South,C,651.0288812117676,7.832172893903211
2024-10-26,119.80045508253264,18.63797905206958,South,C,880.8360648239413,9.192378694143562
2024-10-27,128.01960564635448,12.547416425150107,North,C,779.5211336363259,6.3447184999826955
2024-10-28,130.34068332253005,16.065396115743273,West,B,89.9598908963053,5.035613011252705
2024-10-29,140.32527385546044,17.477767027343035,West,A,58.717537586962365,3.220718059783012
2024-10-30,117.07475013141439,12.978680738201348,North,A,111.47184905131151,8.61903067881843
2024-10-31,131.68301329197104,16.916226228789203,East,A,880.8938680938833,6.677638269202348
2024-11-01,139.3529408798858,21.432098034819287,West,B,786.019088162905,6.001043802795812
2024-11-02,114.60364374631565,18.1367334592358,North,A,266.23477488612957,9.532633146584624
2024-11-03,127.41634875306679,19.303830351589696,North,C,1015.487344158388,9.428131834296286
2024-11-04,131.4367744834156,9.287244724751066,West,B,1715.1735098465683,9.583705679013088
2024-11-05,127.48188224013599,21.414115343044784,East,B,42.468098446434205,7.573738916447467
2024-11-06,128.19000457241992,16.280029257972327,North,A,689.4140444876165,7.1222181931840565
2024-11-07,122.45706985352437,14.632940014503562,South,A,1168.9609749009921,7.621419677328893
2024-11-08,134.34054965410027,16.518073436666494,East,A,290.7694027815587,6.674507266842026
2024-11-09,131.5022505809004,12.692263456717344,East,A,367.83831643820264,6.84603887517696
2024-11-10,108.02343466645743,20.398822787690793,West,A,950.980274077799,7.3788326174460295
2024-11-11,167.26807524801717,16.35876797609777,West,B,2282.1482888279534,9.054904408589543
2024-11-12,130.82756235928684,15.261280582934544,South,C,1660.3334980387972,9.012132314554629
2024-11-13,131.44238016959372,17.08745182207559,North,C,874.9813819698303,8.446954362837001
2024-11-14,132.474782586324,21.062300242710503,West,B,1310.1548342128917,9.513411478844226
2024-11-15,121.51813103110658,18.221422486334802,West,A,453.8507446871991,6.439064109319471
2024-11-16,132.46957071992094,13.718882572510177,East,C,1024.3368730946447,7.615483404142327
2024-11-17,131.92660895742048,19.46590977839722,West,C,627.6995561461796,6.525137270654987
2024-11-18,135.48189011412794,15.409081246526016,West,A,210.64219054411348,9.407302598508497
2024-11-19,142.1989037464255,11.854785242508557,West,B,1209.7839023553797,4.422509993808945
2024-11-20,138.48677881364503,22.940153007506026,West,A,812.9777450083195,6.527095793188524
2024-11-21,130.4522484914172,19.95480164623194,East,C,444.1356404862513,6.759809609432867
2024-11-22,135.68275964826742,18.48117954312356,South,C,2422.937314568569,9.853823396090306
2024-11-23,125.78424739668007,17.813902042433543,South,A,21.156343339692693,9.55734893658849
2024-11-24,138.5200100719087,23.178527808465105,North,C,379.46576612332916,7.549200148961165
2024-11-25,142.66016484519687,28.3870927344314,West,B,58.563233077621184,7.865462812512284
2024-11-26,139.46105425597355,20.612045138503017,East,C,1454.6901946764356,9.19381358238201
2024-11-27,140.2862701881842,16.318572705352935,North,A,1211.022441777346,5.408015905712711
2024-11-28,128.4165491288304,19.08750828286979,North,C,402.49784290157004,9.519640863967265
2024-11-29,136.9456055162803,20.98766341781849,South,A,1125.9718787702627,7.7365972278755315
2024-11-30,132.72815527158917,12.793970597713102,East,A,504.077156308529,7.982366552403807
2024-12-01,167.21994557171365,20.994189411972727,East,A,1411.6277237787306,8.760762540259945
2024-12-02,147.44852303061054,21.449585817953754,East,C,605.4727384638724,9.01131069784276
2024-12-03,140.0178471142962,24.270393706601094,South,C,531.5041718826617,9.104277425361506
2024-12-04,124.57872858776558,24.110187063149503,South,C,2729.2214715342707,5.547445502601711
2024-12-05,129.46184441343854,20.931131928095326,South,C,288.85489312475477,7.822690934217991
2024-12-06,137.9485143783754,25.296627194580896,South,A,128.34184166411438,6.213866623029024
2024-12-07,129.8630088927006,27.016109299096502,South,A,878.3764324276201,7.718887228592775
2024-12-08,149.33191400384732,21.150497145572896,West,A,3484.203374768196,8.58022021648876
2024-12-09,134.443411380617,22.47993639678514,West,A,474.55672081713413,7.357133996355998
2024-12-10,154.68901426825948,16.083332455810147,East,A,64.04452437809836,9.273307718883549
2024-12-11,144.94693009615023,17.19322375180071,North,A,414.46337229466076,9.702399766503454
2024-12-12,139.46181511164684,19.19349567277149,East,A,705.0814197840705,9.173535977880853
2024-12-13,134.90988793511826,20.540144907649303,North,A,176.64530519334423,9.138530861569352
2024-12-14,140.9918214959654,18.74647187488032,South,A,1073.2434698001364,9.014970586775453
2024-12-15,143.11505510742975,22.09157327932483,North,A,6096.553548607159,6.983564770135741
2024-12-16,153.12848311577457,21.123979273788972,East,C,601.0046962120925,8.2609023473594
2024-12-17,149.54974118596058,25.744119439684006,East,B,438.0842084368992,8.746683144205985
2024-12-18,147.42749894996837,21.27417026653644,North,C,511.9999243779213,9.457327198035747
2024-12-19,140.92306186270548,16.006075869144237,West,A,122.33282094473483,8.931905143430592
2024-12-20,140.15640694605258,23.411853159156905,South,A,2147.922556412585,9.010731758195398
2024-12-21,143.35202225106448,23.16095708966285,South,B,535.8454514010092,9.509780639012668
2024-12-22,137.57878824526432,20.786884638142595,East,A,489.8380964941422,7.6335724244008665
2024-12-23,143.7062827906248,23.827998497637605,West,A,1077.8991140767757,7.64237616380078
2024-12-24,155.53829710026608,20.487600797339947,North,A,583.4562125363502,5.931732014017362
2024-12-25,150.38112899039814,24.873690865010012,South,A,1044.787587099343,8.575234014577742
2024-12-26,144.67875414525025,31.954050948802408,West,A,63.415195110739106,9.39591071893119
2024-12-27,143.3968851625417,18.80984741171149,South,A,1680.5223110088111,7.416169526914688
2024-12-28,146.41982939334335,22.84955260443757,West,B,2821.8454035853947,9.237308016269616
2024-12-29,146.3043592160085,22.540556595115373,West,A,1046.300863306092,6.150943497703961
2024-12-30,149.43312518681248,23.442212625621952,East,A,3091.4929897284223,7.626865089590274
2024-12-31,155.68184371908313,27.97376268013378,South,C,164.2054265641818,9.519298656359194
