group,score,skewed_variable,category,binary_variable,correlated_var1,correlated_var2,age,income
Group_A,78.4175597577716,0.6212962912021415,Cat2,Yes,52.27456992400583,-40.28115254494336,29,48237.79230819025
Group_C,90.76170839215887,4.217822870880717,Cat3,Yes,63.346411668301506,-64.63960785195097,40,14331.998590807123
Group_B,89.5042383818605,3.193300267505465,Cat1,No,58.106143019099285,-37.41815983845649,21,28641.01886018263
Group_B,74.23096344337597,2.148533138769752,Cat1,No,52.10605302610822,-42.65733343759746,40,12470.191808768943
Group_A,66.01585328651642,3.802011437083213,Cat2,No,45.95099885827142,-30.365599738193083,65,28615.319734573623
Group_A,79.91919171506505,4.03924127644106,Cat2,Yes,64.15106894376629,-59.868093951864395,72,18717.35264366592
Group_A,61.797667929793576,2.464490641818622,Cat1,No,42.840361857900895,-23.078289707604423,65,18840.082359839333
Group_C,90.31458765854353,3.628173701241865,Cat2,No,53.59777055573622,-51.18005198435756,18,29882.00040284509
Group_B,91.79440120721287,2.3911593287439676,Cat1,No,77.6236356970314,-56.905538713921274,71,17420.959294492466
Group_B,75.30824347895295,2.27974858345773,Cat3,Yes,57.499939091047544,-40.37093481538341,42,10785.153077489838
Group_A,57.868654709091224,1.9278728380443764,Cat2,Yes,50.91980201684178,-33.70548909802949,19,32229.993776234245
Group_C,85.53872374165412,2.7944407832521283,Cat1,Yes,54.090506684235464,-34.17522096754813,47,12419.830462212502
Group_C,70.85460154747382,0.345388350922558,Cat2,Yes,48.489087176950214,-38.79046175262992,20,28517.0844830016
Group_A,87.37816311973462,4.255092636104306,Cat1,Yes,64.53672039128583,-32.78814534696037,75,35828.47590904339
Group_A,59.05572341205633,4.109006644285871,Cat1,No,44.02096324986172,-26.88672077971558,38,18256.072745230398
Group_A,69.00624977046228,0.05936702308604403,Cat2,Yes,49.83906337612135,-27.34818178753214,42,39782.2623385254
Group_A,75.05243699718183,3.4952947525506275,Cat3,Yes,41.53865230552451,-37.543550124414004,37,28026.109979858396
Group_B,80.46980593764742,0.2759278148075113,Cat1,Yes,47.76666686853162,-30.058431110104646,66,15553.940438757574
Group_B,75.49934528520757,0.8162939650186172,Cat1,Yes,60.437142244964654,-46.97866456486519,69,44387.55876383757
Group_A,81.22849932347499,2.7213176063214832,Cat1,Yes,65.33659719078094,-39.70525400178288,39,12446.11853628268
Group_B,69.32379570617405,0.35051686945912636,Cat3,Yes,47.993400537139856,-37.83338448853834,38,18245.062693169293
Group_A,73.57620514978707,3.4071348443171448,Cat3,Yes,58.45548097688285,-25.61507473883504,79,19867.54149085353
Group_A,76.20295631711899,3.5691805940244477,Cat2,No,48.2259305912668,-26.109202921284087,78,29810.377511371626
Group_A,80.14438834058748,1.416390610619194,Cat3,No,52.128941571067834,-40.068824096396796,50,38473.179790172086
Group_B,87.11614878088889,0.012812697234830334,Cat2,Yes,55.469902537306474,-53.89016319921089,69,37286.84186757539
Group_C,60.75357908162131,0.6766546854237102,Cat2,Yes,38.27790762869168,-26.960011006477316,55,24633.78515022743
Group_A,59.65885829264378,1.919058988727477,Cat3,No,45.37468085246374,-43.14630702659202,78,19146.31308296648
Group_B,92.7767682189851,7.946326935948816,Cat2,Yes,60.631975887972345,-33.37924171922766,32,8839.69700141463
Group_B,83.32314011979592,1.9983314981781268,Cat3,Yes,69.52491328349646,-45.44693062498627,75,11417.780048600358
Group_A,67.51513463443446,0.6016793940202341,Cat2,No,49.56094727584131,-34.002128624557194,75,53280.6094963936
Group_B,95.51151975522524,2.010275055883101,Cat3,Yes,72.2806990611331,-53.20336848406665,63,8795.222947958599
Group_A,76.15674634292859,1.5529940135553426,Cat3,No,55.75942535405038,-45.29262586507086,69,14879.722788061159
Group_A,86.79297184063826,3.026850460258931,Cat2,Yes,66.82642854074317,-37.49815538794271,32,39038.481392979294
Group_C,72.67518481410109,0.22629403459165812,Cat1,Yes,46.53262937217802,-37.60652582346112,63,24461.52244652327
Group_C,92.60747924881987,2.8628169614729657,Cat2,Yes,72.05990316517169,-45.963879313024535,42,35032.18661671814
Group_C,89.55340842443204,1.558572038139779,Cat3,No,63.39208032505961,-52.80783284596673,38,28894.72049664939
Group_A,72.51035851520926,6.593242555535332,Cat1,Yes,56.80358151549018,-29.406705469628314,41,45926.21053452649
Group_A,84.71570950954356,0.8367121799782223,Cat2,Yes,52.10317638979957,-34.69553687367684,74,25532.6586551122
Group_B,86.45375949585147,2.002727394690046,Cat2,No,61.42054768013784,-44.89830764296236,75,30690.973408999667
Group_B,93.68631557532349,5.377321951137103,Cat2,Yes,66.30661448663477,-36.69978072100665,22,15334.749388621514
Group_A,65.35076539419896,0.21630599533054923,Cat1,Yes,42.64935345104206,-33.50837593089566,23,29530.13327069973
Group_B,86.8605145999844,5.536507853677537,Cat3,No,62.3679543687254,-37.192213329681636,66,18068.70925936437
Group_A,85.58424486849587,2.328771767115938,Cat2,Yes,67.60700564795468,-55.77554308088872,60,17561.197612126005
Group_C,54.41260513576886,0.1404953005822166,Cat2,No,34.60806180022259,-24.37885563599313,65,34453.35838006302
Group_A,63.16741487334225,0.7161048328564796,Cat2,No,49.026462192364264,-33.75555917752661,61,34572.42534736562
Group_B,59.607678222398995,2.463181990242625,Cat2,No,36.08825947494675,-28.55965970355953,64,51237.1983688238
Group_A,72.30593165555442,0.13945185478952263,Cat2,Yes,61.16137513210039,-35.2675065825306,40,49594.320134727284
Group_B,87.17542255795962,1.7453634581899276,Cat3,No,64.94579738275527,-42.582112701563936,21,34844.743778923876
Group_B,95.02357052096028,0.8489382630227224,Cat3,Yes,75.14208602596504,-42.586179425579715,44,9318.688648986803
Group_A,75.74094780419775,1.9399923809496695,Cat2,No,56.37896605840726,-42.3918629549467,35,54931.404310991005
Group_C,88.28615545571292,0.0936424785559097,Cat1,Yes,63.75337470764585,-39.59044365157131,38,34856.11389341749
Group_C,58.198985417851084,4.104225689753825,Cat3,Yes,44.70395449492534,-19.23929364398229,45,15018.979119868805
Group_C,54.96617560644845,7.260388750288683,Cat1,Yes,37.79408560774306,-38.764215843066815,52,31712.131308617816
Group_C,71.44452301103381,6.9396713289835015,Cat3,No,41.92199657993205,-41.96658229135151,39,13113.101573523705
Group_B,83.84065448939307,2.76980531392246,Cat2,No,60.925454874909114,-47.828610648706025,57,30010.87395255535
Group_C,71.67305251905907,0.27872239766761153,Cat3,Yes,46.39362009034257,-44.57289265513721,40,11405.65973839161
Group_A,54.325578999601234,2.83981146232072,Cat2,Yes,32.51959572282385,-30.960371656897088,20,14704.234545539495
Group_A,74.10879960487212,0.04978844456502263,Cat3,No,55.05762556560353,-28.789451679237338,57,31412.60626076436
Group_A,61.95530499495147,0.04474389546894773,Cat2,Yes,41.97317112196756,-19.39695710137631,67,37663.373330355644
Group_A,81.69672548830039,0.7819715404344604,Cat2,Yes,62.32622987483872,-39.99896298617818,27,25918.65943284587
Group_A,78.66598246096848,1.3413753498433603,Cat2,No,51.12148387888258,-41.926879317269844,42,19089.919152803654
Group_A,65.60120213672644,2.9428978451677135,Cat2,Yes,43.56669661313938,-26.37720931571794,69,7650.810374301523
Group_C,66.86133082663306,2.299571453781638,Cat1,No,52.554411710150106,-52.342413367333975,66,19840.67594712993
Group_A,64.40786478111049,1.180829974791417,Cat2,Yes,46.484718651765384,-40.64536016738051,25,28760.04965640544
Group_A,74.37320902726829,0.639382325116814,Cat1,Yes,44.6746061145571,-55.75964776723347,72,18800.099606689615
Group_B,89.55142320501238,11.703057523313959,Cat1,Yes,63.97480065780922,-53.30130934134973,28,21779.207940398497
Group_A,65.14273953664457,1.1108835802200683,Cat2,No,53.00611041859521,-38.70750998353829,78,20074.21161454463
Group_C,77.04046515517844,1.2007240968490858,Cat1,Yes,51.535438385517566,-26.698777554087794,22,18753.71023624212
Group_A,69.69742381627559,0.3573535849091114,Cat3,No,51.778485153657456,-56.93720763738571,75,22878.17538100175
Group_C,64.07127167737656,3.1676334012746166,Cat2,Yes,40.602955598384064,-35.36925664056295,62,19218.962655392985
Group_C,70.92969640045442,2.3662644760731477,Cat1,No,48.96687110547094,-30.508316422802352,70,45326.39336598582
Group_A,64.64757677580626,0.49889705890635194,Cat2,Yes,50.70248142531655,-29.03794308175038,72,7308.47984668399
Group_A,69.46350694652818,0.1719461138047574,Cat2,Yes,49.7206132013446,-23.037848404984942,54,16765.50376420198
Group_C,60.021221074111516,2.2819916414744807,Cat2,No,48.46120406545624,-28.72219870828305,73,14255.126683245657
Group_B,99.6472513291639,2.125590188846286,Cat1,Yes,71.87958795155403,-46.829400220732786,76,24576.72903499256
Group_B,80.35263551971728,0.6383716973474793,Cat3,Yes,67.3405432498063,-54.88437241427904,62,22892.677828707583
Group_C,65.00274492007415,6.0263088127702185,Cat3,No,37.677354597955556,-40.40752332545155,55,49567.792189476444
Group_A,77.13979910734221,0.3275285663893017,Cat1,Yes,52.91189262483472,-52.8315375012553,46,58429.19884841465
Group_A,73.8767195030917,1.1324469450068233,Cat2,No,46.291034685703934,-32.357494888233056,22,14964.833170031832
Group_A,72.79030400466777,5.751136865599309,Cat1,Yes,45.87196693097619,-33.60562838827592,26,22031.97381604945
Group_C,78.14166700043425,1.0885142853871002,Cat1,No,49.66324843127377,-36.562529761949,76,24298.070149581188
Group_B,87.57507710047305,2.0351300354602055,Cat1,Yes,62.14118308058723,-50.83900741790112,65,14780.93015431229
Group_A,69.69498852389472,1.0136486060182792,Cat2,Yes,49.91799664083564,-42.63109249648068,19,30157.56304671029
Group_A,69.2418175935532,0.6410034601337625,Cat1,No,50.606551940462815,-32.945333338405256,18,19540.535208335194
Group_A,72.24948302848355,8.267541058263548,Cat2,No,44.959335319215725,-41.47982993641085,57,12915.489089585648
Group_A,51.980788352644154,1.0530091516908464,Cat1,Yes,34.765427751859455,-34.15363068697997,77,19153.023128488538
Group_B,64.84808937801448,4.490505013696264,Cat3,Yes,40.572189365828294,-36.49115965907178,68,13375.269400163736
Group_B,93.66874267444524,0.5226116249677809,Cat1,No,70.24752765347024,-52.120307625505085,47,36987.06051717896
Group_C,88.44967713501283,0.47932016275771583,Cat1,Yes,57.56343624360411,-51.15862236453404,28,56998.465622840704
Group_B,77.50963960443622,0.06325809819111,Cat3,No,53.18818696312594,-48.560962336278926,45,24894.687018815643
Group_A,80.76556963055766,2.1091917177519792,Cat2,No,59.33743094800589,-36.793266668567576,61,23286.7168339767
Group_B,83.11250154543536,0.9193981083444027,Cat2,Yes,55.100607709316925,-29.107855256901225,29,23770.899071682157
Group_C,102.78880808455239,3.9954761176535873,Cat1,Yes,75.42155788408994,-51.70643764722542,56,39779.899040922406
Group_B,91.19574911434577,1.2819062294056274,Cat3,No,71.81742305770779,-43.818401461413465,43,39353.86624687454
Group_C,70.72082408519233,6.896164682401602,Cat2,Yes,50.45313550326226,-31.069389221782536,30,20788.873937523756
Group_B,70.44459559399574,0.4104243565216768,Cat1,Yes,53.81927148863905,-32.289771739452895,76,24991.597908199554
Group_B,63.93553679742428,4.059371009459821,Cat3,No,34.387771313515074,-38.743067025247974,25,30525.66864553223
Group_B,82.03463635867223,2.997554609348595,Cat2,Yes,55.2789858168313,-27.258548490515434,78,12470.938191431436
Group_A,67.43649254715697,2.9473840877800725,Cat2,No,48.130048867654764,-39.776730383002175,78,40388.65140658519
Group_A,60.77746290402326,3.725865221629178,Cat3,Yes,37.27939864081475,-25.204024534728358,71,52439.528447794815
Group_A,68.53427115757474,2.862784225207454,Cat3,Yes,49.012236487322774,-30.025605120044077,45,39439.220819349415
Group_B,69.18451996385605,1.9681775008471276,Cat3,Yes,53.72886675499498,-50.25979231900513,75,11815.919887573062
Group_A,91.87141635072564,0.28138797185516495,Cat3,Yes,54.91218830545784,-48.80647951066617,47,8225.544485525112
Group_B,88.81639756949451,0.06613382669997142,Cat1,Yes,56.22611396962692,-43.95517117024989,26,31393.600228957577
Group_C,71.92027358683383,5.072766603628528,Cat3,Yes,51.26825786460461,-34.89492710202263,56,15061.62316639211
Group_A,89.79944138890026,1.9176153788615604,Cat2,No,65.16170761943042,-42.48835657031599,48,25426.994825731963
Group_B,80.77368307647619,3.184545077863279,Cat2,Yes,60.23198002808159,-34.325538554718285,75,47456.76476273966
Group_C,63.38715798671737,1.3137167205395892,Cat1,Yes,44.925457985140994,-31.75370190752491,38,15859.475306145006
Group_A,90.23124077269657,0.24955832834801606,Cat2,Yes,65.46943056596663,-42.27867984220473,73,18237.271649044273
Group_A,80.38910043684659,0.2674874982326768,Cat2,Yes,60.78977384849601,-40.55418691260236,64,25294.986329779338
Group_A,64.62753845673544,2.3139576298894227,Cat3,Yes,43.166986410863174,-40.45243848240591,51,11513.150468239648
Group_A,73.09661321916391,1.1253114398483806,Cat2,Yes,48.12469882338263,-36.28909507862456,72,15079.204708333395
Group_C,63.24381746615242,0.44759934978327226,Cat1,Yes,43.42813907163235,-25.629189979051652,48,22301.935599730004
Group_C,58.172002690356635,1.352952026818662,Cat3,Yes,41.71784159463671,-20.2156942853754,69,18954.043510112824
Group_B,89.26177547531641,0.13272610158691933,Cat3,Yes,59.191875616714896,-40.33236247730457,42,29857.874217052664
Group_C,91.0941664047013,1.7444108646499012,Cat1,No,61.797129900924844,-34.872280594756255,29,87815.19313734428
Group_C,58.01432426180859,0.6266655932249148,Cat3,Yes,42.59853583580249,-25.65624415163245,18,23145.81277973105
Group_A,80.62969236690572,3.1946145800639236,Cat3,Yes,57.22953856198257,-33.40380761010216,72,14460.03660218506
Group_C,65.49357430878173,0.7431767943603876,Cat1,No,44.918816402068416,-25.24765796015258,39,44762.23872527714
Group_B,75.12874616235304,1.214747018390625,Cat3,Yes,43.88477576333388,-39.35117740824641,57,9952.616519231638
Group_C,66.07606075761132,0.023377172101861805,Cat1,No,46.23570257028522,-27.23000291826431,54,10998.84904997152
Group_C,63.36009230320184,0.15041044461339573,Cat1,Yes,39.502044774696074,-39.205205332728234,64,16357.606224841604
Group_A,75.48521627944827,0.9967849941714344,Cat2,Yes,57.75506492164329,-34.94410939933322,18,19121.270626155372
Group_A,66.69049883588963,1.3076176975600253,Cat2,Yes,45.1397434187302,-28.729042804597192,18,16162.736114212646
Group_A,77.70456825779839,1.8326842069838267,Cat3,Yes,49.41203749934627,-30.44352316330455,74,21682.13303177726
Group_B,79.49761890550863,0.6896694301489164,Cat3,No,55.34061686445579,-33.18273502090386,59,25269.943167604786
Group_C,69.6105195313359,2.374768228778372,Cat1,Yes,55.08086159739608,-26.29234629899024,71,37589.48994773302
Group_C,62.92436337958402,3.9339750088062044,Cat3,No,47.201133611431906,-32.257224330803396,59,23053.99003516273
Group_A,69.23228669431667,3.0269012773951416,Cat1,Yes,49.56218643905134,-37.37928858451871,38,16631.05277826804
Group_B,87.55391225825755,0.08085003279540631,Cat1,Yes,54.657263285546,-45.976146192213704,32,36582.40599235571
Group_B,85.00917187624381,1.3098036830042166,Cat3,Yes,67.61442081220227,-40.374316094532865,34,14634.576513263193
Group_A,65.22444755201448,0.22170710161909227,Cat1,Yes,42.54897741623062,-47.08219990114526,39,9737.10015702624
Group_A,75.99332305429226,0.5542625655694364,Cat2,Yes,57.8642457023663,-27.342605763989702,55,40254.537481490326
Group_A,82.5138712337179,8.634365310458866,Cat3,No,56.13289547184545,-40.905948738227146,52,38984.78116462389
Group_C,55.305947188786284,0.30745780434611725,Cat2,No,42.90170239456659,-30.972986253074097,62,14821.747455824325
Group_A,80.43360192379934,1.3818519124180149,Cat3,Yes,62.83789182603591,-60.45453064674336,33,18041.87227884188
Group_B,73.37376241054153,1.925484869922573,Cat1,No,54.60232003691674,-36.98138925469703,25,13926.325201417003
Group_B,85.70598668593159,2.4244466297154763,Cat3,No,63.773465478951806,-44.44080546357184,79,25934.051366843563
Group_A,67.36740843457483,1.6403648480762212,Cat2,No,46.66499097342422,-40.860075662449454,64,52366.62006603261
Group_C,53.95117899335481,0.019637790769126452,Cat1,Yes,35.59599458498431,-32.359964257693505,34,31302.113534034637
Group_C,55.72457562116837,0.7904196719957203,Cat3,No,39.698696383746906,-28.07538096614549,34,36970.00995827157
Group_A,75.48084946661382,1.4584261871453665,Cat3,Yes,51.137022097783586,-42.44631641000837,71,33185.362390988645
Group_B,82.59722501721483,0.18393783420810145,Cat3,No,70.15407606611284,-36.723587979180564,43,22025.15362306226
Group_A,65.95683374895592,0.8634957821673652,Cat2,Yes,41.207992191816565,-38.96868558363009,30,37860.749415539125
Group_A,81.38592458777374,0.0675336914110481,Cat2,Yes,61.98057329439366,-39.45609485772065,34,31968.786422732523
Group_A,58.3847993773104,0.1636753792161745,Cat3,No,43.455343736812345,-19.75203673816584,55,45239.36335763584
Group_B,79.33920201352683,1.0114217070711897,Cat1,Yes,56.686802450088464,-39.962367907263825,34,17504.71460133795
Group_B,67.88983800237543,0.28477701184932275,Cat1,No,54.922317101232,-31.097102009509747,65,9236.738999641168
Group_A,68.4816389219784,1.6765348078362414,Cat2,No,49.42903450839077,-31.899608361784416,31,37146.525050877644
Group_A,75.47398671316414,2.338917126316868,Cat1,No,49.65725610050281,-37.673018159643945,62,26235.920449667
Group_C,63.39586634716048,3.2247514382215186,Cat2,Yes,45.83575832927937,-32.23399030912832,23,18995.87159071037
Group_A,71.15444455770175,0.4466627485156944,Cat3,No,48.89221984586508,-40.14821605045017,52,19534.23006965859
Group_A,85.0629280921444,0.3666022702701539,Cat2,Yes,62.060473008584324,-41.32336572160965,63,79011.0632632346
Group_B,74.23108130476851,0.22089763457015135,Cat2,Yes,56.02712507148544,-39.38168072309999,31,15976.955371592789
Group_C,80.35692112065142,2.023568229408261,Cat3,No,51.95440507263564,-27.809739214448054,64,14376.47323873157
Group_A,63.702931453423815,2.451589879023199,Cat1,Yes,50.568732607410745,-25.362319653832618,25,22986.034543799844
Group_B,85.29804177915283,0.06419149347206422,Cat2,Yes,58.43413002106468,-54.27138805668318,78,39745.24296110359
Group_C,86.41568620657901,5.5043881088978175,Cat2,No,62.709049958016195,-54.38510708903412,32,68816.6495050644
Group_A,50.283554998727105,0.10674097135801607,Cat3,Yes,38.28363935071245,-26.185456451678473,71,30597.7722099815
Group_B,72.03104744529523,1.558701776191244,Cat1,Yes,52.25867666485981,-39.17796754216558,78,11670.220596940337
Group_A,80.7707212718054,2.469280008122478,Cat2,No,55.99396230200093,-41.8509119816781,44,59008.22590917532
Group_B,77.96954613957007,4.095407104909522,Cat3,Yes,52.135694387735725,-33.77548138456653,30,21813.09268675938
Group_B,83.71145873371309,2.5041349457440525,Cat2,No,57.25304857708245,-39.32984217583769,66,14489.003828454965
Group_B,73.9601481328418,3.236231745193452,Cat3,No,59.59796335563364,-34.53504022275566,48,12839.784215423031
Group_A,75.865897874729,0.8293654982928672,Cat1,No,48.77679632666501,-26.36339161340135,70,33461.953623377216
Group_C,70.44322764607921,3.3729091386958467,Cat1,No,45.71404266244061,-46.33274625642424,73,24820.239125336888
Group_A,86.67782061659807,0.1670128995163253,Cat1,Yes,56.85873031590007,-42.50739963510784,52,26174.41506685321
Group_A,77.54420843301213,4.504100637570432,Cat1,Yes,54.959715302696814,-43.404524600084095,77,41908.81893487421
Group_A,78.37602662075201,1.586343365757859,Cat2,No,47.239691384587374,-27.704527023661193,23,14748.884093752757
Group_B,75.88123033877532,3.3997952193310375,Cat2,No,46.349061956470756,-55.615428015974416,22,43611.55050697618
Group_B,75.12393775927507,1.2041219438700927,Cat1,Yes,51.281982266696254,-54.885821565341544,39,16990.69871005941
Group_A,70.6744181218038,2.0632780034401774,Cat1,Yes,43.033215458771465,-32.900118690117495,75,64990.974601752794
Group_B,83.94452142378297,1.4947956279175392,Cat1,Yes,52.72980845023407,-32.96188823729831,66,29713.87858287962
Group_A,70.79015519179737,2.6304756699738414,Cat2,Yes,43.151766587443454,-29.209043025362284,40,13903.289351444328
Group_B,82.89774856896413,0.17030979977791233,Cat1,No,53.795365452608245,-47.856720631023734,42,8000.753136871012
Group_A,95.75400798645438,0.12450006263803015,Cat1,Yes,70.6840381238701,-35.82563021721455,51,33006.584839683375
Group_B,88.71124703431693,0.5676543150798328,Cat1,No,66.87641270462726,-54.20737350591213,43,18268.067367028147
Group_A,71.73976467832159,0.3476229730303001,Cat3,No,59.81283974091814,-25.41000882281404,64,20378.121987247574
Group_C,84.01213922163944,4.1080711140047965,Cat1,Yes,68.220306747715,-50.79989561368487,22,32308.899726515116
Group_A,70.91924626978448,0.4949083163611079,Cat3,No,53.57503593825137,-38.27421651359001,43,36505.08748927068
Group_A,54.61875464822146,7.448205618868187,Cat3,Yes,43.37151662776018,-22.195221021255392,37,40613.47432007256
Group_A,64.91913689082595,0.8216462486628586,Cat1,Yes,46.09890627700776,-44.1892310925823,23,12241.405107089098
Group_C,53.29208078974145,0.40207420795770576,Cat3,No,39.903780812880356,-14.893853214544585,23,44933.88089517102
Group_C,68.48486515958692,3.118426195188695,Cat1,No,57.65742085262669,-37.105983231003975,76,16489.470949300983
Group_A,75.18418379189552,2.1500324106830373,Cat2,No,54.48499299461101,-36.49388281052145,67,7128.63487272309
Group_B,96.76437312275283,1.3790902174468676,Cat2,Yes,73.50125407865318,-39.0845802490504,35,12219.39627169252
Group_C,75.26927373764163,1.6209965982312413,Cat2,Yes,48.01673357345658,-43.97963963015801,21,24563.393537482414
Group_B,77.80899471191135,2.5402378794579326,Cat2,No,51.13510267704681,-30.417987865912565,34,13501.996966878853
Group_B,88.2940558118349,0.5187198913734135,Cat3,Yes,63.36618705725926,-31.02275933877849,74,21077.844949075912
Group_A,52.88864690992115,11.217262464095409,Cat1,Yes,37.77171118726176,-31.688955433597208,31,26085.274632362394
Group_A,77.35614558108566,7.36127995578019,Cat1,Yes,51.049630969735475,-27.722971409772473,31,20116.734270604626
Group_C,79.70865193886966,2.1015061802651136,Cat1,No,67.83294427686485,-53.93895472336766,30,17202.72070940495
Group_C,57.214137542201584,0.4451435569377867,Cat2,Yes,40.91286679911544,-25.490265612744256,24,11785.814997883206
Group_B,91.43754043206928,2.2802955905507374,Cat2,No,61.792653041525185,-55.54755834166511,61,22269.46873001581
Group_A,78.38496407494414,0.14987474366858658,Cat1,No,55.62756898926404,-31.651933649182556,72,7844.134281733485
Group_A,70.84712086099199,0.06226423304723896,Cat2,Yes,49.72011811575257,-28.53991204311837,32,15630.837098393607
Group_B,86.32781866106285,0.5959575062777931,Cat1,Yes,61.36848580219943,-26.54486936580148,36,13850.933990370711
Group_C,94.70692857804396,1.2421106037468779,Cat1,Yes,58.3262649278756,-35.98320042540198,60,19541.810438462984
Group_C,73.81866255058495,4.054039850381681,Cat1,No,58.13279726824379,-38.23550085610411,64,19797.97819975342
Group_C,74.48220586300336,2.597805957635778,Cat1,Yes,58.8816912062981,-45.8950828298924,61,35595.63643285999
Group_B,75.40639100459757,2.715075809498644,Cat1,Yes,60.136077563400725,-33.177698864943665,52,48617.49082324172
Group_A,66.50155630535208,1.1084871588148277,Cat1,Yes,48.178248206427945,-33.73662943575999,34,12595.697670161246
Group_A,83.30335816544246,0.8490970653789652,Cat1,No,61.6247560166323,-29.2424387259556,52,59659.95552744056
Group_C,63.43916174091133,0.9273713010945941,Cat2,Yes,40.07627847860168,-49.05062761778189,36,14918.423434406537
Group_B,80.71566237219392,8.788127783033008,Cat1,No,60.665460303522686,-22.853377111787943,37,24010.905247997198
Group_A,70.22342553234883,0.08187148408785734,Cat1,No,50.41533640711387,-30.855787905279985,53,28436.576333175202
Group_A,79.78979825746391,4.035285983511478,Cat2,Yes,53.550825702028526,-46.398996102494934,52,74778.92525162715
Group_B,83.33662105286949,1.728703482705325,Cat2,No,62.65935819521284,-35.79639670708622,49,16795.375020955773
Group_A,85.375399442579,1.154698162069319,Cat2,Yes,64.2800247902608,-32.30832835097187,75,8969.910645414493
Group_A,69.89983601145254,2.583843134977741,Cat1,No,49.23292938639143,-34.035142875296756,65,46406.26427815096
Group_B,77.30125064706628,1.333668607198428,Cat3,No,56.30278835358841,-52.769988396691886,61,14520.4491428316
Group_B,70.21236284217693,4.133812682535534,Cat3,No,43.99006892985605,-37.456957711865314,57,18383.44315015513
Group_B,75.55706739923889,4.619256959240749,Cat2,Yes,59.10586436553901,-29.46337327528234,41,12595.881482475877
Group_A,78.77300493044852,1.0953974027080495,Cat3,Yes,50.64703751113945,-35.41318459140526,78,18409.978630575755
Group_B,87.56988616645351,0.6482158141702838,Cat2,Yes,57.77179207612157,-45.03699932990974,78,14469.586341485026
Group_A,65.77834675822375,1.7946942438818185,Cat1,Yes,46.35642095790931,-22.42264673198039,34,30891.023165865434
Group_A,83.6960592010566,4.869111879047198,Cat3,Yes,64.15982286183191,-35.93358287386992,24,22934.458919957215
Group_B,93.55637858804951,0.4731217979000491,Cat1,Yes,71.05920817771296,-40.247476046518,60,15669.515559136886
Group_B,84.13434903223701,1.9508429153991511,Cat3,Yes,58.86992121304025,-45.35225205196492,67,36240.6243543514
Group_C,90.76795812558066,1.996956000451087,Cat1,Yes,67.40263749917551,-49.44304851675912,18,25021.691191890575
Group_B,72.26210800896428,2.641860030253711,Cat3,No,42.1381833596305,-49.73073176994631,52,8751.460456848621
Group_B,67.55345296688583,0.28213125940532086,Cat1,Yes,43.69081712617231,-35.85186053094096,49,34886.3759148649
Group_A,57.212797510957216,2.5163298182542198,Cat1,Yes,36.554206060352044,-21.123262325093584,53,24159.52380813493
Group_A,89.96044311489183,4.79450641257849,Cat3,Yes,69.23337472922337,-46.61296793357061,30,44150.7963744482
Group_A,81.54365656354058,0.3961291215602891,Cat1,Yes,60.35383040901844,-37.20751750953825,23,23434.36264262537
Group_A,74.44415329089544,0.5424191833743239,Cat1,No,53.034171183149816,-28.33248179222148,75,14826.113411913924
Group_C,74.7996862631982,7.108354077723023,Cat1,Yes,53.768455703385605,-34.41717919721004,31,19887.612577550335
Group_A,63.74510952701623,0.3992861095103158,Cat3,No,52.46327304906198,-28.1084366694217,54,32924.08268371964
Group_C,96.45751979616827,3.853579535513316,Cat3,No,66.66936552478502,-59.09133959438457,65,14982.400184179114
Group_B,81.29221181975228,1.3556418851070982,Cat1,No,50.334211731156394,-43.22662418269196,32,17674.029946290182
Group_C,73.09394794604893,0.5679939399887409,Cat1,No,56.60173948421077,-22.7339619210517,64,19715.407388832544
Group_B,87.25766623898691,4.092012003489698,Cat3,No,61.989561553316136,-42.79845567072471,79,12398.294414216864
Group_B,84.81009231736714,1.1786746511199115,Cat3,No,64.1354230129859,-27.23114070271097,21,15090.765624512575
Group_B,82.23884024279131,1.4464597382022362,Cat1,No,57.343364133021375,-46.904345166507234,57,24011.186283854928
Group_A,67.09525544554688,0.8901799183556157,Cat1,Yes,42.77323119336335,-31.676048105697124,76,40184.5902428648
Group_B,84.71468357135996,1.797642685370157,Cat1,No,61.31438710536685,-45.41876928609492,33,25811.45055353486
Group_A,93.82024496475034,0.35711459523526273,Cat2,Yes,65.7250468290324,-42.17424500137875,45,21527.131963520143
Group_A,88.45420046154977,0.9921418127269471,Cat3,No,62.84265173745688,-37.06703088629392,33,14535.723861472674
Group_B,95.93186626639397,6.974316083642288,Cat2,Yes,75.23515885706286,-43.14620436758978,79,38085.16845235472
Group_A,69.88784323568815,0.5971717608480124,Cat3,Yes,43.4279778780582,-26.609104467859844,21,27357.684846520104
Group_C,62.1039517974142,2.1385147690342055,Cat3,Yes,44.90235956056985,-31.15735980688571,62,15469.646896225342
Group_C,70.74213079900352,0.7866484087778541,Cat3,Yes,45.42450810850907,-36.89529234081118,43,34521.03852030977
Group_C,72.55724912288694,2.96978338141433,Cat3,Yes,37.837344520420565,-50.34416861965124,45,29137.711172209674
Group_A,85.94191518470949,0.2805335592202735,Cat3,Yes,59.91451468418552,-37.86335011103822,49,14665.232352712359
Group_A,58.07535370285181,7.0012209088488,Cat3,Yes,40.807862276995294,-27.660204113504644,62,20937.788589842596
Group_C,87.29550319460614,1.2095018443294756,Cat3,Yes,64.22446275097809,-44.19106949780333,19,17216.330084103756
Group_B,78.4199210142101,0.5385070869954405,Cat2,No,53.80624096702735,-40.73649975073982,48,82188.36039762734
Group_C,67.7311893005258,0.15267544511187414,Cat1,Yes,39.9668307347482,-34.16063114101322,20,28735.036511317256
Group_C,61.87895624739832,0.37207588020918786,Cat1,Yes,39.203111486904504,-32.8293671756825,71,24182.415781384254
Group_C,55.451433281342304,1.466996690859163,Cat2,No,45.40079748037313,-31.94998734917759,25,27898.592765876863
Group_A,83.23170583961914,0.8219701596103333,Cat2,Yes,54.079054441280235,-39.69914187401622,41,43896.123583213805
Group_A,75.73317967188405,3.530819768244315,Cat2,Yes,60.92935341878136,-33.9933168844784,32,21127.059271470363
Group_C,59.10039100258946,1.1273543813711848,Cat2,No,46.62019516466954,-35.71473881638418,60,16400.143291605236
Group_A,62.04921227936384,0.571938473951702,Cat3,No,41.84554557387434,-34.230490693181046,48,33595.30533607788
Group_A,71.64215300709871,1.9201978331469356,Cat1,Yes,46.5041112894556,-37.458050513668304,26,20181.623003253993
Group_B,96.69021525289392,2.4536452139186897,Cat3,Yes,72.92271552267863,-48.30660116743268,56,12900.899743294794
Group_C,69.40408648636395,0.36554389537169363,Cat1,No,47.378304314986664,-35.72752699986811,62,11703.65873297867
Group_B,64.96857046881894,0.3669305402615214,Cat1,No,37.74974862967346,-27.20651563715832,19,47318.10521867092
Group_B,77.54256935914056,0.07472145601896547,Cat2,Yes,57.09138165451468,-51.99022080520075,25,23525.078079747178
Group_A,72.2727643025233,2.666660241579668,Cat3,No,52.67725225105723,-47.93667973798259,24,16402.947249534624
Group_B,53.03113357058429,2.180125050294198,Cat2,Yes,42.81032451298289,-24.96701159126352,73,19591.136910045236
Group_C,71.45705133482188,1.2873083392705855,Cat3,Yes,51.76791093117681,-40.55001245003325,61,32982.168931448345
Group_A,72.69065469791322,3.7179849813523003,Cat1,Yes,48.137723403310666,-29.271388902766123,68,19020.968256376716
Group_B,86.96206364813418,3.2763966423387028,Cat2,No,67.2218387517046,-34.12262420335868,56,10671.05415327193
Group_C,90.48956094945345,1.7606620272718432,Cat2,Yes,70.17764482801162,-43.37480306334344,59,25923.895436440103
Group_B,91.26565029547757,4.054021253058005,Cat1,No,65.05198502676033,-54.20862447793222,78,40302.70667322614
Group_B,77.3111130944517,0.4609437007411471,Cat1,Yes,54.419388738781045,-30.218808417409377,74,38977.20078785249
Group_B,68.9347409125833,0.23738604278056916,Cat1,Yes,41.63796352328278,-32.876149159089024,33,16652.82300574752
Group_A,100.7335980324986,0.6287356114562158,Cat2,Yes,67.47588691101663,-62.26228679646624,52,41547.23817793252
Group_A,75.59218434014488,0.11756221345992542,Cat3,No,56.71837724789818,-48.98424935459391,47,24501.14148901429
Group_C,72.13929291912946,1.5150280856678877,Cat2,Yes,47.71110354157712,-23.93407214189557,27,40969.11101793921
Group_C,71.75874912889996,5.516762410803933,Cat3,Yes,42.94693504326336,-25.070287258360146,55,29344.004106548862
Group_C,73.98084760767856,0.08027683281876447,Cat2,No,69.26598227337549,-57.12756894060924,35,10292.817271610076
Group_C,70.55639588076058,0.2604677599662335,Cat2,Yes,42.07244732439895,-46.140525102443306,67,52752.659585730806
Group_B,74.26337993119763,1.2036864966038618,Cat1,No,63.26812293400893,-28.004846000625577,22,22604.22072574124
Group_B,74.53141058759608,5.432417307751989,Cat3,Yes,50.634870188325955,-37.41364600094243,70,29389.62241569207
Group_C,71.67246729784002,0.760051222113574,Cat2,No,49.747912112768965,-30.221439364983265,46,11248.360748419802
Group_B,74.56575228866235,1.4154450075426903,Cat2,Yes,48.83463524112565,-37.77849811311595,56,28357.965792942934
Group_B,72.87154217322836,0.08492346600210339,Cat1,No,54.92426534494931,-31.199831166044554,77,38233.365905164166
Group_C,73.06430227691897,0.32114330267283786,Cat1,Yes,43.94614052829285,-36.48548276513601,51,57968.79736485062
Group_C,69.45022782579144,8.629502169066757,Cat3,Yes,39.41351429688315,-38.22597996695145,60,44364.722636574785
Group_A,90.0399298858269,6.711608615639818,Cat2,Yes,71.07880856697186,-36.55001430359497,79,29059.837695957816
Group_A,48.49030191606988,0.009904445947655232,Cat3,Yes,29.92334934721402,-22.628714029829773,62,10176.244611042244
Group_A,85.91506851922462,6.065281597357631,Cat2,Yes,63.87098856115565,-37.738424529663774,40,23532.46874479752
Group_B,92.4608519249763,2.038419227137002,Cat3,No,59.295315963002324,-44.97084256280201,22,16378.834768026265
Group_A,54.2660976759185,4.048669133953021,Cat1,Yes,41.52837358761586,-31.023903986357755,47,24772.48740256937
Group_B,76.57312405919652,1.212984538184019,Cat2,No,62.01891933532981,-25.41944753874072,23,11990.105939082889
Group_B,76.28559134004209,1.4496721373955421,Cat3,No,50.76430701095387,-35.30304963195972,73,19829.31239854532
Group_A,60.924883052821784,1.34217099901772,Cat1,No,32.980212603045345,-33.3028306813881,75,17007.478840604006
Group_B,72.22183312409125,2.1984104741311667,Cat1,Yes,58.999252753413394,-25.884280799495897,78,16746.035489014837
Group_A,63.894241545341714,0.30083490841891436,Cat3,Yes,49.35719068936365,-42.513710963702515,63,16829.387732700663
Group_A,92.52270443423623,0.06086396183994254,Cat2,No,62.39803693510881,-28.371083010750226,61,20579.951275216765
Group_C,81.35678393147461,0.7361361760275618,Cat2,No,55.85998848568899,-42.111590027044734,21,25415.064799259668
Group_A,87.71555094994159,2.439396695081679,Cat1,Yes,55.84762468371068,-54.0018891340378,46,6315.443147179119
Group_A,82.21672064043236,0.4509261088732207,Cat2,Yes,64.65298911051245,-25.86082953255566,40,6712.8815024469895
Group_B,68.70948228782771,2.238236818663958,Cat2,Yes,45.42305956242617,-38.060082048496184,23,18595.11758919938
Group_C,66.75479733720226,7.007260780458419,Cat2,No,39.63481544830421,-31.431442109756112,49,19952.614725150313
Group_A,79.89374561227918,0.19721278744357393,Cat1,Yes,56.993851336157775,-34.20534687462388,59,24210.836672591395
Group_B,67.77872191108054,2.2331581678090724,Cat3,Yes,43.145038529863676,-24.415980734259104,35,15308.504805333712
Group_A,82.12998430172388,1.173075679514347,Cat2,No,52.34091613189118,-38.66679564108942,32,22130.955239188814
Group_A,72.59674601841866,4.052063244387033,Cat1,Yes,48.667226194083334,-41.476896275849626,57,23464.914922646407
Group_B,76.25179192450402,0.3899621981172876,Cat1,Yes,53.80803092465466,-36.37395577558007,75,15255.890222597587
Group_B,87.10959968203491,2.3593797527607077,Cat3,No,54.0711709978507,-46.909324203671225,49,36560.653892505594
Group_B,84.4426331148604,3.6417417231952913,Cat2,No,66.0355878064639,-40.22922314651401,26,24064.50364019604
Group_B,76.3903383418092,5.786864774760546,Cat2,Yes,56.85903539959537,-25.169972804849735,54,28954.4894720185
Group_C,83.59329803364248,2.299272469969244,Cat3,Yes,56.68849366968608,-35.74924748367089,27,22797.880854434283
Group_B,69.18936672400102,1.3750252252230792,Cat3,Yes,43.91583927531572,-32.9415118572138,37,63059.660639222966
Group_A,81.15935606944264,1.923869711101883,Cat1,Yes,56.36542198402652,-34.67175137387059,23,29679.10478389764
Group_C,77.93101257968384,4.0636658187358226,Cat1,No,59.04888400955729,-32.484861074568435,65,17257.521249496513
Group_A,71.9045356068601,1.6907781841380116,Cat3,Yes,54.05609506080046,-44.57526062717985,73,33205.91966536821
Group_B,83.26133022242118,0.06171663546781039,Cat2,Yes,63.575452657950706,-41.296883421485006,76,9712.777262768774
Group_A,62.488864236146966,5.345811014598346,Cat1,Yes,41.34031751040126,-10.744210843413356,20,23383.83220970313
Group_A,84.240270192069,2.3393150720223006,Cat1,Yes,44.34356323846492,-32.41756721577957,59,25837.44680208842
Group_C,70.15097863557011,2.257195087758978,Cat2,Yes,55.34474103448031,-39.10297379107465,28,23517.741695134056
Group_C,66.7727697948096,0.4858639960360479,Cat1,No,45.90495814100496,-38.21204806634577,60,18640.847698270714
Group_B,90.49009225836889,2.1510739873361775,Cat2,Yes,66.67389490821652,-50.33725191458926,34,13277.993524352694
Group_B,72.9565630945724,1.0013031297917176,Cat2,No,59.41573793940219,-29.547721945189743,49,14843.63590777586
Group_A,60.91538703636441,2.106702271374473,Cat2,No,54.81281409164349,-17.596566149252464,21,23179.82247039003
Group_A,59.433708264760966,0.2254261375653921,Cat3,Yes,38.35448839462857,-25.05951777654002,21,12622.552623980337
Group_A,81.0600995134564,2.144984636931713,Cat3,Yes,57.4118691952477,-39.27275095777765,34,53374.25581318648
Group_B,67.19570647503717,14.883445819408811,Cat3,Yes,53.87117683555324,-37.15109609858076,58,5881.406190397617
Group_B,97.54794181984364,0.09882599778860138,Cat2,Yes,64.06216418127556,-46.138985745253606,36,18737.47983502897
Group_B,59.18070592116278,7.559726225124457,Cat2,Yes,38.5159361758618,-36.15132672135107,22,23276.38996418684
Group_A,91.96456368290038,1.0448113649091946,Cat3,Yes,61.435001685735884,-61.46840621914009,49,28387.678203170915
Group_C,74.11017467202619,4.092066922031506,Cat1,Yes,51.73667070337822,-23.960481815113504,39,13933.309737588379
Group_B,79.03286888129608,3.050060113868585,Cat2,No,54.222389815457404,-47.56293580354492,73,38837.7269376054
Group_B,74.5508091319105,1.6741102118531048,Cat1,Yes,49.21658978105572,-39.8740635553098,23,10971.809374523444
Group_B,83.9913611435207,2.682253571705317,Cat1,No,53.96516572243319,-36.744820966726024,52,16596.31075045369
Group_B,79.62365297575151,4.215938201916679,Cat2,Yes,59.79625872500252,-28.336091533107325,39,30042.66381782063
Group_A,86.03301882016521,1.0355001572974054,Cat2,No,66.91226827894623,-40.959464190733634,18,37052.61773692559
Group_A,76.1422764866204,0.7921184495820129,Cat1,Yes,60.71316751149635,-47.620826144596826,37,10916.15795545783
Group_C,73.50301761461877,2.202792634344614,Cat1,Yes,49.046744543310716,-39.162280404841795,39,82662.25723916503
Group_A,71.36387787786144,3.2989156859421467,Cat3,No,54.22333787578939,-41.109822179131356,65,14062.320837432826
Group_A,74.43054376278933,2.873366737641024,Cat3,Yes,53.2830101475914,-37.52096010116523,72,11428.994255083273
Group_A,78.0780176889206,3.197130952895551,Cat2,Yes,51.80125563917779,-29.183133074303214,28,28320.96000986763
Group_A,57.89831607343375,1.143924993483773,Cat3,No,44.1999123449446,-49.24826680527595,30,18506.05534043061
Group_C,58.518145778942866,3.4056762127717266,Cat3,Yes,37.879676775032515,-32.55019152969136,76,17188.122015213212
Group_B,87.43264094022715,0.2561419253071429,Cat3,Yes,59.321965644250554,-47.58871756120972,59,29667.93253292079
Group_B,81.70865438127942,1.5726712566885659,Cat3,No,50.31240955437744,-50.90841794980483,20,10263.530417249895
Group_A,73.1601666364732,0.011550611032507709,Cat1,No,48.89101115836511,-31.896157368239674,26,9404.398647326021
Group_B,80.18433933065393,0.7848583818863757,Cat2,No,57.39834357653067,-51.41197664033535,77,16338.643003245901
Group_B,83.47581705361671,0.9128691252583723,Cat3,Yes,66.27774441591917,-52.13706276117895,29,37757.93267647647
Group_A,69.60240319690638,1.0089340703773348,Cat1,No,46.95420500682603,-27.99264788628828,40,16696.799833300265
Group_B,72.21695274597687,2.3779530040622885,Cat1,Yes,45.361021186749134,-24.103905421287088,31,49000.135493593
Group_A,76.95845255097682,0.983870685422813,Cat1,No,61.35776164035439,-39.088000424384084,50,40155.206235139245
Group_B,70.21627222384969,1.190929171127857,Cat3,No,46.62862837127369,-44.847305063838974,35,25373.81694128719
Group_B,84.08252755714472,0.5424212974639558,Cat3,No,50.11586100929697,-47.68569651279836,66,26104.47226254879
Group_A,57.9741639576216,0.9344208011013524,Cat2,No,41.247383446019036,-20.923066400850438,76,25361.848911751913
Group_A,85.29155637325644,0.5156501950660977,Cat3,Yes,58.080222094883624,-41.71427226132107,58,23857.618143816842
Group_B,84.72597482413043,0.15202617651077444,Cat3,No,70.81016059031715,-43.1712976271206,26,18340.722710200593
Group_B,82.56029734313876,1.8498991906369124,Cat1,No,60.169038311933186,-38.77575099226421,40,19436.462346552555
Group_C,81.82690983945514,2.206522950142138,Cat2,Yes,56.547125119344415,-41.214734467931095,27,12900.481583454919
Group_B,96.65474444462576,1.9324874602968365,Cat3,No,63.035835064960004,-35.96167384103914,36,7295.24908763603
Group_A,85.1437006501813,1.2453552300338948,Cat3,Yes,61.25142466109174,-48.56499644263946,78,38255.22015720492
Group_A,56.59125768668355,0.9553806895597998,Cat1,No,46.89743013098745,-35.207301778023485,64,23828.299749644295
Group_B,67.204230332643,3.98042544378951,Cat1,No,48.60203215023639,-44.66974331087074,22,22094.979236146297
Group_A,68.75181422304321,1.4641161096031872,Cat3,No,43.889121495540515,-38.695808197327125,64,26882.33239255068
Group_B,80.26091050210833,1.3047087830304989,Cat2,Yes,58.876668410235595,-48.8662590483834,69,14556.621756386814
Group_C,77.17659020469122,0.051953107884028946,Cat2,Yes,53.78057866891977,-36.843691033123825,40,13352.633273220847
Group_B,72.74256186846534,0.8348157628215953,Cat1,Yes,53.16285882451655,-36.20370201003153,47,19113.64301755496
Group_A,76.86766764477078,0.9567027297976104,Cat1,No,52.03333060041844,-47.0664378229292,42,43653.95834462587
Group_B,72.44617067646678,1.0177310283959984,Cat3,Yes,48.82084310222068,-31.50997046600961,45,12278.800106787588
Group_B,73.88482197008052,1.7358221097305413,Cat1,Yes,49.63047639189747,-24.807908048001273,51,5922.223932431142
Group_B,65.93338903151778,1.5254342087057378,Cat3,No,50.86456307954924,-30.1039877263907,62,16971.64779677994
Group_C,62.76766753889096,1.8725027165496395,Cat2,Yes,42.09624090101821,-51.73181923308927,73,39001.288308504765
Group_A,61.48315394383666,2.8953462575737623,Cat2,No,40.73955410381453,-14.844529206557489,65,9262.488127506287
Group_C,62.241267470226674,3.3531408029703296,Cat3,No,38.858557721346834,-25.14524598254486,64,12208.139716040783
Group_C,82.5364179660784,2.532569487662782,Cat1,No,60.045561584838715,-25.616862957531595,42,25128.887764567924
Group_A,65.50601111168056,6.225597450008411,Cat2,Yes,47.41271678883249,-24.02721686664161,27,79614.65936374286
Group_A,101.32382064837391,0.03680168916540005,Cat1,Yes,68.68283333141858,-40.337786973222485,31,11168.964294954043
Group_A,79.93317900880889,0.4357598214250259,Cat2,Yes,52.40633176837692,-38.32445435559577,59,10954.799549834253
Group_A,76.84836123694873,0.015183237062831378,Cat3,Yes,63.174719932002674,-40.522548715993025,74,26091.090748875205
Group_A,66.41642219818786,2.0852658528155033,Cat3,Yes,37.08928026310731,-30.220361597236646,63,40228.7510811693
Group_B,87.00309879408991,4.566164020132954,Cat3,Yes,63.368029171871534,-49.171830039017266,75,16122.170345848723
Group_A,69.24362173762226,0.558058688555547,Cat2,No,54.92755295741563,-31.150764061609273,47,9791.822934694155
Group_A,76.22009814645361,5.235538332447438,Cat1,No,36.419999895076025,-59.12433913203249,72,27361.0188699855
Group_C,97.60084538268795,0.12431980387744128,Cat1,Yes,72.29129206826246,-48.45696472962867,58,29954.076325859074
Group_A,74.03940100275351,5.449457846000236,Cat1,No,50.72630769444701,-26.26229154055969,42,53601.244403313445
Group_C,83.49273326285676,0.8665649586130768,Cat2,No,59.725187605416025,-40.99189799999665,31,30591.38022187274
Group_A,67.96823574874112,0.21388092278387372,Cat2,No,45.96157520150833,-20.16425597012266,52,33323.99670396965
Group_A,74.65011509503039,1.3305650977988233,Cat2,No,57.63204779475165,-39.43502065030403,69,19320.60511766327
Group_B,97.7080063563551,0.5935171261563438,Cat2,Yes,70.21120115780536,-40.83279587427493,65,74663.91367645623
Group_B,73.73032942212232,0.6705899851833239,Cat2,Yes,52.2698300431572,-43.89132530044809,51,18050.505965643846
Group_C,90.12448557996929,0.7342875743225572,Cat1,Yes,58.59283687118553,-37.36658983354162,27,16220.626292643828
Group_B,87.07751935455475,3.249366039930847,Cat2,Yes,70.36572471735927,-41.678000411454846,52,54434.71971185946
Group_C,66.37533224105732,1.5494142762765208,Cat2,No,46.51238766740648,-34.94567008727049,28,10539.457609292424
Group_A,81.3240773905552,0.7459213915069051,Cat1,No,68.37588316069093,-61.25309561579296,28,8745.510900301126
Group_A,84.7255444962673,1.8849295219090247,Cat2,Yes,68.94572807327808,-44.39778645457805,38,23383.325510130526
Group_C,78.21809962217196,2.5186234492962027,Cat1,Yes,45.86091489919347,-37.4014256568475,38,22007.349359774267
Group_C,56.297752801095434,0.6366234844160921,Cat1,No,36.13369715675335,-21.51920091878838,39,19654.390141713546
Group_C,64.72862824175131,1.0673326679182042,Cat3,Yes,40.12528473935121,-19.876715728083113,62,36205.44781292528
Group_B,77.52481364448495,0.2599579190428011,Cat3,Yes,54.02633914370415,-22.48214521131519,24,13987.186071367421
Group_A,74.25566570899954,0.39970713544427744,Cat3,No,52.91478609873049,-27.157694109515898,72,22744.61203748204
Group_C,78.20672097550678,2.2858673852523403,Cat3,Yes,55.8943370223219,-43.60008309018695,34,18397.07610588113
Group_A,76.77701000933254,0.4004131229672945,Cat2,Yes,59.014550386627675,-40.82693772080818,79,14106.49699386497
Group_C,58.64655641289899,1.4895689994642,Cat3,Yes,48.520503335573636,-23.41195443810003,19,21355.82805071371
Group_C,75.80197851005963,2.469181998879371,Cat1,No,57.89882370323493,-33.7440735762474,29,33735.227664317776
Group_B,86.10585745283824,0.22606176704094086,Cat2,Yes,57.469424145868025,-30.026161051288227,74,63594.61400048655
Group_C,77.5979044793104,1.6754777451362937,Cat3,Yes,50.40841380998008,-18.96383688997591,59,29428.223959624807
Group_C,82.80780725554622,0.5929419201849683,Cat1,Yes,57.979274258302034,-23.26646206698733,35,6276.592391017399
Group_A,83.33922154548904,6.589725943615852,Cat2,Yes,60.46805271386563,-29.71810517435776,71,21610.399956788977
Group_C,76.59180079228437,1.3215367426536142,Cat2,Yes,52.69830382601344,-34.07267920459901,76,22581.84164904383
Group_B,79.29834288541353,3.2797174348707183,Cat3,No,48.78141583852835,-28.85457093914001,28,35175.47918551371
Group_C,55.39039066484008,1.5980224999872223,Cat2,Yes,42.18357100827206,-14.403667222592874,33,24158.828248993897
Group_A,79.29618219132585,0.08876609855973225,Cat1,No,53.54575369025858,-40.82649427370308,66,41214.460577641425
Group_C,74.07687687163111,2.0056119671487047,Cat2,Yes,49.74125013803156,-41.299726215885634,68,26791.37557507035
Group_A,77.71578837195374,6.048401040249465,Cat1,Yes,54.12798849007714,-44.997262186550266,35,48021.25645847463
Group_A,62.232514241796906,1.840656845507649,Cat2,Yes,42.363265383857026,-38.12733498846088,52,17687.740296759996
Group_C,61.189434595917376,3.4206044294154583,Cat3,Yes,41.000098939581655,-41.65067987870421,70,23674.924609309586
Group_A,85.53152853332904,4.3118930603080665,Cat1,Yes,53.47144343866437,-40.7665505937227,76,33300.269455579735
Group_A,74.60444846143345,0.5177481316730005,Cat2,Yes,51.661876588245114,-45.30024663942178,43,16546.054686327105
Group_C,78.81500697372624,0.4766281883603115,Cat2,Yes,58.6852738411427,-45.67568095994618,33,14838.695357764716
Group_C,72.28318376130461,1.8882541294190607,Cat2,No,51.92144865851967,-30.53154740723849,23,16079.877911836584
Group_B,80.29756139495746,1.0587548646671545,Cat1,Yes,60.948900171973435,-38.695908167450646,74,15144.49216628657
Group_B,89.38283805975998,3.6634299643378476,Cat1,No,58.92526153023194,-41.25441950481059,61,28603.402562196523
Group_B,74.83955271782627,4.605632707425712,Cat1,No,45.99739450688938,-26.49858626377648,60,8800.783100346001
Group_A,75.96120776940984,0.8721209568470294,Cat3,Yes,51.9435955436969,-31.06436461637856,64,10117.430291586092
Group_A,70.37724711294958,0.5406552292168861,Cat3,Yes,46.19288988632121,-23.037530904853483,64,55902.995595543
Group_B,75.65503772567685,3.0330385915848974,Cat1,Yes,50.40685149193505,-37.18770690461386,65,15328.232056981762
Group_C,68.90827876531361,0.6426322454683315,Cat2,Yes,49.29454372612516,-21.55981465215764,59,24343.190186186428
Group_C,74.22133771633713,3.45885785103807,Cat3,Yes,49.43953370591271,-34.23277474330889,29,10461.182605741278
Group_C,67.21251378336522,1.1023866015108204,Cat1,No,40.798417202323684,-32.25660680292099,77,23087.858075752414
Group_A,87.55756125573521,2.2025310064107404,Cat2,Yes,58.495319239604655,-32.086570977655576,30,15374.97806734104
Group_B,71.05392697780496,0.2008240345822516,Cat3,Yes,51.438045718767476,-42.504192922448844,21,10081.478938172215
Group_A,73.13128355838641,1.9555841381307484,Cat2,No,54.54930149590507,-20.376837238853405,56,42978.71270749829
Group_B,75.60268941725825,1.20211227592557,Cat2,Yes,56.2289965124975,-40.058144868927414,71,39786.49704695755
Group_B,94.46977884353733,1.7667202081332096,Cat2,No,68.25121066171567,-56.97975319416324,19,20875.314273902837
Group_C,73.96554776511574,0.36787982984631584,Cat2,Yes,50.9354161057548,-31.754758266110976,43,36304.95514609359
Group_A,85.31844539468635,2.6702426094970653,Cat3,Yes,61.74748227107609,-45.67779477828926,76,57047.88853718444
Group_A,60.14439626963028,3.9725885264237553,Cat3,Yes,41.88939909775,-13.865741399525135,44,32113.698626598885
Group_A,77.67050265869258,0.48858065337707873,Cat3,Yes,54.934832550185995,-42.29845787962747,44,27996.64245805515
Group_C,80.89630795623437,0.20122042252560193,Cat1,No,51.93078188003435,-37.93256263930149,32,24330.229006328995
Group_B,80.82283989275425,0.04784491986314798,Cat3,Yes,56.795362743731545,-51.81616647020195,25,30477.64315285863
Group_A,85.65480375065351,2.0542853760991746,Cat2,No,61.851693796714514,-36.324087916146986,24,18362.03144589822
Group_A,69.82711549899628,1.868369946647836,Cat3,Yes,50.58461741649594,-41.132678356369375,64,19181.12622477578
Group_B,94.0934744018558,1.5823908267671314,Cat2,Yes,59.42783695100257,-41.50013967826709,72,27596.54016774194
Group_A,97.9889812361925,0.5277933258825777,Cat1,Yes,69.07359074735166,-52.42125253574314,63,17379.863847366134
Group_C,68.37161439560342,0.9915653301304104,Cat2,Yes,40.64068218960282,-50.561284691584106,57,18344.776684259603
Group_B,75.54497478599228,1.805152095078644,Cat2,No,53.749865580887224,-36.72296667024507,77,22028.521671843784
Group_A,89.533844771177,1.3734034299838318,Cat2,Yes,59.16700538181033,-44.07549424896102,29,39155.79752152762
Group_A,90.79572145730712,8.810266326762653,Cat1,Yes,72.08521973274222,-38.34928813967265,30,12502.302711195405
Group_C,66.77139972846732,0.29338322523065463,Cat3,Yes,47.33619645640657,-20.937695289520025,79,32195.734420766803
Group_A,70.79813182904142,2.3758351248409273,Cat3,Yes,53.5645123794486,-20.099790635186324,60,32725.118321497353
Group_A,72.18215391139493,1.0360992016207988,Cat1,Yes,61.08187092309785,-29.17784324793038,34,32627.344517501275
Group_C,58.555494889657226,1.1179306513034315,Cat2,Yes,36.901837367316446,-27.048793908301267,78,14715.061056012011
Group_C,62.81348053515802,2.528845722838106,Cat3,No,46.147810929140164,-42.82540898370273,34,9448.95273113577
Group_C,61.95859233247933,2.358145150639629,Cat1,Yes,37.44145958657129,-29.363128670319607,73,29139.5091832764
Group_C,64.32202434895872,9.47877361572874,Cat3,Yes,46.749902085520695,-30.4414908149679,53,24191.809203957433
Group_A,74.65315112613219,0.2748362482731662,Cat1,Yes,61.08575212054455,-38.91569764031432,38,36395.05953605274
Group_A,77.3421473253652,0.21987450008131082,Cat2,Yes,51.00008705554669,-33.60733245787613,25,15517.622397982646
Group_C,87.50500492814076,2.5771655313470845,Cat3,No,56.82373188322555,-34.77725677621331,22,32210.86793600614
Group_B,70.0164595926121,1.7273345009359609,Cat1,Yes,48.55565054723564,-41.55546124053552,43,37317.06680613356
Group_B,89.84322398476584,0.6408531849000523,Cat3,Yes,73.11934322977751,-51.59348682597866,33,21001.41592589735
Group_C,69.86011155774491,0.16550137469559495,Cat3,No,52.75727269018772,-36.04439187308549,53,27131.881421655737
Group_A,74.50536290347567,0.17910174212781588,Cat3,Yes,47.629180772152914,-42.17451497740122,45,26661.696563862268
Group_B,86.74819492166604,4.492237024931178,Cat3,Yes,67.99903935757507,-56.504123079711924,71,14607.132787499728
Group_A,63.772779784377015,0.42605806371992805,Cat1,No,36.36563088739798,-39.859131782772124,46,28725.72383388778
Group_B,83.82409746184051,0.7812659858951616,Cat2,No,69.35966386730198,-51.77061790721978,64,49575.35778716504
Group_A,76.66452208213056,0.5140636601912666,Cat1,No,57.947418857567186,-28.664656976920057,29,22272.36535593978
Group_A,79.92451264008149,0.8769984696208415,Cat1,Yes,64.76494604809062,-26.339640271966516,54,10609.844024238266
Group_A,77.89168643907819,0.14390272146325966,Cat1,Yes,46.285189965434554,-47.70931087789579,47,15621.238889280561
Group_B,104.55300139910895,1.4640246440510696,Cat2,Yes,74.03431013367468,-47.907912594457585,40,9047.875661231776
Group_B,73.62260015748684,0.14001369275488273,Cat3,Yes,50.866375477412205,-29.823168682985415,33,41987.639843904704
Group_B,74.69003044998182,3.222444084318504,Cat3,No,47.24812394775407,-49.28316551826982,31,32275.14305761509
Group_C,65.76859473575236,0.532394615368412,Cat3,Yes,39.55789821376968,-31.596465790444185,27,17142.488428946188
Group_A,69.44522880839746,1.5531093822971893,Cat2,No,51.14706645967596,-14.454485081426522,24,10839.693926318503
Group_A,68.62612872693482,4.241845632979484,Cat3,No,51.02694864942249,-28.895889432606367,62,14521.019811711076
Group_C,83.89016531107552,2.104664080820528,Cat2,Yes,65.22298595138163,-43.907486986198,69,16008.282397823674
Group_A,89.20504247989855,1.5226712651494634,Cat3,Yes,59.92642446929483,-49.08401344169495,77,23264.96359568423
Group_C,66.29253706250523,0.7841120849682921,Cat3,No,45.69672689297461,-49.32596120901977,78,22876.825073596392
Group_A,66.67644426895771,0.8099362024476936,Cat1,Yes,39.761211363539935,-29.574432885544997,54,43075.772181893946
Group_C,76.71415556386404,2.2142183011394723,Cat2,No,61.40383795467857,-22.774543483897496,46,15578.118855469584
Group_A,69.47776955719029,10.278993349414609,Cat1,Yes,48.98217912881942,-41.247234813778505,20,10362.057254853491
Group_C,78.32931817755511,2.1684674539304623,Cat1,Yes,58.4434652323891,-54.64933652491405,32,12351.227902641482
Group_B,82.029230208513,1.6319110219359625,Cat1,Yes,61.209988126514155,-46.32840855508229,53,21774.34177469418
Group_C,56.84255885002768,2.6234910483856226,Cat2,No,47.08532698152926,-21.36848145718817,64,15300.808766317808
Group_A,90.47505201330061,1.2517458559648178,Cat2,Yes,59.17553907297315,-48.66552604522699,63,19034.258761588444
Group_B,97.95877673095522,0.1240536869664351,Cat3,No,72.05907671340455,-55.543133108782314,69,17553.053631236104
Group_C,65.87211309515614,1.652428520287922,Cat1,Yes,45.985435635064086,-32.782817227115196,36,36138.68679406758
Group_B,76.12298440064016,6.32240685459067,Cat3,No,63.81447441215127,-36.22388622297724,30,16424.298882648734
Group_B,82.85865390724905,0.38547832588140707,Cat1,No,53.82923684009425,-52.53644807979808,59,18239.210186755794
Group_B,83.34456789987026,2.342397516936516,Cat2,Yes,64.19832926872853,-43.41055352542972,38,31528.330153629613
Group_B,86.5854427267283,0.4486226874845159,Cat2,Yes,62.36151880485179,-47.27086227474286,54,16605.82878740956
Group_B,100.1020453876635,1.534998852052893,Cat2,No,71.56071224239454,-55.17825748781641,44,27217.248497123095
Group_B,78.2305277250595,0.20334896740472178,Cat1,Yes,55.0314730377791,-47.251557217661336,72,25997.161319163668
Group_C,64.01702755461547,1.1970233156917613,Cat2,No,51.545248402414764,-24.47845093894935,69,23644.431921572854
Group_A,61.20680771985473,2.8225133170849133,Cat1,Yes,44.16402390926798,-35.75849929031159,46,12491.47647429586
Group_A,67.69069960058081,0.8541075229709083,Cat3,No,39.76141302980168,-49.80491208679669,37,40736.79887761195
Group_C,71.66873027126204,2.186722545752177,Cat1,No,56.26562903344465,-33.71998255982755,42,66859.04647070533
Group_C,89.94557863517788,3.1738852858327005,Cat3,No,68.14291420528312,-39.17119353620347,23,22123.907035570508
Group_B,74.82388700963828,5.239469385408418,Cat1,Yes,55.31240932781103,-43.780072026546165,53,13053.643423368027
Group_B,82.23787951638899,0.5348233754311112,Cat3,Yes,51.92414751273456,-45.59624127646622,19,22349.324014822745
Group_A,74.83577103927247,1.0193722658290696,Cat2,Yes,47.51946292638413,-42.610315283063215,39,36131.851570889514
Group_A,86.88393273448084,0.3307306906448056,Cat3,Yes,51.43153848795603,-46.2151932586813,49,16194.163234660735
Group_B,105.26932425873622,9.78130992409611,Cat2,Yes,75.99017634701441,-43.779860671849534,33,20651.64813301065
Group_A,69.6913122707968,5.234618194317145,Cat2,Yes,42.03617434868591,-35.75812951437725,35,26116.617282447536
Group_B,75.10560557481777,1.5528711975982454,Cat3,No,43.98016943806161,-30.836054422071243,22,40196.04658454257
Group_A,85.44160877069072,3.6907419841239433,Cat1,Yes,66.18407173598372,-50.47145743771938,71,32458.31295079656
Group_C,78.81891489626311,1.4719339105965725,Cat1,Yes,59.014138249698405,-42.478980804779425,53,33137.93523637848
Group_C,90.46707325736034,1.9541296972434616,Cat1,No,61.6610929559976,-37.601426101901716,47,17798.43340873514
